doc_id,name,county,tier,phone,website,lat,lng,checks_failed
0Dk4GboMssf30RKF6xtf,"St. Mary's Episcopal Church Pantry",Walker,orange,"(205) 387-7746","",33.8612672,-87.2863161,"unparseable_hours_freetext"
0UqTTAfHiiwGEDTFhyHJ,"Catholic Social Services",Houston,orange,"(334) 793-3601","",31.225069608786,-85.399781921944,"unparseable_hours_freetext; duplicate_name_x2"
0VVF3WdhyUhDpUry0KA1,"CSFP - McMillon Estates",Jefferson,grey,"","",33.4784022,-86.9015148,"missing_phone; unparseable_hours_freetext"
0dlOojd9iVbwZVX0kHmP,"Geneva County Community Church",Geneva,orange,"(334) 791-7663","",31.083944830796,-85.851396386782,"unparseable_hours_freetext"
0ibtuLGeZ6D8698Mwi0U,"Food Pantry of the First Baptist Church Dadeville",Tallapoosa,orange,"(334) 559-8053","",32.829549180279,-85.764605866753,"unparseable_hours_freetext"
0nj4TGnRlN4417jzwBWk,"First Universalist Church of Camp Hill",Tallapoosa,orange,"(334) 497-0868","",32.9098,-85.9319,"unparseable_hours_freetext; missing_street; placeholder_coords_repeated_x2"
0pNqDCDmt2aLY4J1X8yj,"I Care Christian Ministries Pantry",Jefferson,orange,"(205) 335-3815","",33.5780237,-86.9141968,"unparseable_hours_freetext"
0uUlU3vNMcCNTLVklnpR,"Lott Road Church of God",Mobile,orange,"(251) 649-8991","",30.800798,-88.24172201,"unparseable_hours_freetext"
0zXAXOK0LXlsX3U2IGhT,"Faith in Action Ministries",Perry,orange,"(251) 895-9239","",32.6368,-87.3195,"unparseable_hours_freetext; missing_zip; placeholder_coords_repeated_x6"
18JMtFnU8GBCLgOlTB0x,"Christian Life Church",Baldwin,orange,"(251) 967-4840","",30.28775998,-87.58921398,"unparseable_hours_freetext"
1AV1Q2w28JQpqB4egPEV,"Living Way Apostolic Church",Lawrence,grey,"","",34.680229258675,-87.373706346541,"missing_phone; unparseable_hours_freetext"
1LBQIOvx74dQPMqeQe1g,"The Chapel",Colbert,grey,"","",34.763990779707,-87.696370550229,"missing_phone; unparseable_hours_freetext"
1MG0XWluHIyrX2IVW4Bu,"Our Lady of the Valley Catholic Church",DeKalb,grey,"","",34.469009237334,-85.699411892238,"missing_phone; unparseable_hours_freetext"
1OLbA3kNdM3dRdwVymVw,"Heaven's Storehouse at Oakwood University Church",Madison,grey,"","",34.7304,-86.5861,"missing_phone; unparseable_hours_freetext; placeholder_coords_repeated_x6"
1RZYQYntOkYX2SNeMcTH,"New Prospect Baptist Church Pantry",Walker,orange,"(205) 387-1947","",33.8623894,-87.2971291,"unparseable_hours_freetext"
1RmBcFF9aRkBWyiJRMc1,"CSFP - Ashland Housing Authority",Clay,orange,"(256) 354-2661","",33.2759166,-85.8359712,"unparseable_hours_freetext"
1WLbb1hA9q3A8zDH1LQs,"Pure Word Deliverance House of Prayer",Mobile,orange,"(251) 456-1234","",30.75616701,-88.14005296,"unparseable_hours_freetext"
1p1bNSEuGv7hRnnLT6M9,"Nazaree Full Gospel Church",Mobile,orange,"(251) 478-9948","",30.65544187,-88.12351451,"unparseable_hours_freetext"
1pgdioGrjR2GSlkLPQF0,"Sumiton Church of God Pantry",Walker,orange,"(205) 482-2728","",33.7470599,-87.0486852,"unparseable_hours_freetext"
1sAzWkohrD87PJI6jwr6,"Lakewood Baptist Church",Russell,orange,"(334) 298-6433","https://www.lbcpc.org/outreach",32.499701,-85.034673,"unparseable_hours_freetext; missing_zip; duplicate_name_x2"
1uye67D3bZYMYdbkDAfc,"Cedar Street Missionary Baptist Church",Mobile,orange,"(251) 675-0606","",30.83381902,-88.05860903,"unparseable_hours_freetext"
21UaTtW6cISOuyn4SH8Y,"Ridgecrest Baptist Church",Dale,orange,"(334) 774-5610","",31.4574,-85.6497,"unparseable_hours_freetext; placeholder_coords_repeated_x2"
2Egt34xgTDLSI4yaXOqA,"Lineville Baptist Church Pantry & Soup Kitchen",Clay,orange,"(256) 282-7156","",33.3135405,-85.7547472,"unparseable_hours_freetext"
2FikpmqF0FksGADwSKhq,"Metro West Ministries Pantry",Jefferson,orange,"(205) 423-5757","",33.4898721,-86.9116818,"unparseable_hours_freetext"
2M73pHHCv0SFYD30DZkb,"Jonathan's House of Prayer (JHOP)",Lowndes,orange,"(334) 221-7215","",32.1840315,-86.5802533,"unparseable_hours_freetext"
2QuZ3qxN4kOIbDZyJtVg,"Bible Verse Church",Montgomery,orange,"(334) 245-3447","",32.3278024,-86.2559973,"unparseable_hours_freetext"
2cEcXnpFcITRBT3JItIi,"Faith Walk Ministries",Crenshaw,orange,"(334) 492-4541","https://www.feedingamerica.org/find-your-local-foodbank",31.7192451,-86.2681433,"unparseable_hours_freetext; website_is_directory_listing"
2dfP6OzLfK7dti6uPXXX,"North Glencoe Baptist Church Pantry & Backpack",Etowah,orange,"(256) 492-1910","",33.9704705,-85.9465184,"unparseable_hours_freetext"
2gcI9FCp9aH563798HNt,"Jabezz Ministry",Monroe,orange,"(251) 267-3663","",31.42063186,-87.42021853,"unparseable_hours_freetext"
2k2LwZ3Pazz6YB7YlgSG,"McGhee Memorial Church of God in Christ",Baldwin,orange,"(251) 937-3600","",30.866691,-87.78322604,"unparseable_hours_freetext"
2kXPzVzxoKQC620DmBh9,"Mt. Hope Baptist Church",Lawrence,grey,"","",34.455457909749,-87.481727420297,"missing_phone; unparseable_hours_freetext"
2l8mUlJ3BFhFmqT9Bles,"State Street African Methodist Episcopal Zion Church",Mobile,orange,"(251) 432-3965","",30.69385598,-88.05021304,"unparseable_hours_freetext"
2wsip4vFHBFqXXeC1yxd,"Freewater Missionary Baptist Church",Mobile,orange,"(251) 824-2035","",30.452363,-88.24198403,"unparseable_hours_freetext"
2zkxijrwbjix50frGgwM,"Alabama Avenue Church of God",Dallas,orange,"(334) 412-0657","",32.412973428418,-87.007114138188,"unparseable_hours_freetext; missing_zip"
31CVInQljNsghg889kod,"Church On The Rock",Russell,grey,"","",32.46930231659,-85.068442150239,"missing_phone; unparseable_hours_freetext"
31LyvLMRYTANLQYy1mTa,"Mt. Pisgah Baptist Church Pantry",Etowah,orange,"(256) 572-2791","",34.1222138,-85.9425588,"unparseable_hours_freetext"
3JnFB2tImaeg8ZI69gvU,"First United Methodist Church Lineville",Clay,orange,"(256) 684-1287","",33.3121204,-85.7540092,"unparseable_hours_freetext"
3QKfny9FgQbBvzQb6fln,"Argo First Baptist Church Pantry",Walker,orange,"(205) 706-7461","",33.799904,-87.1127997,"unparseable_hours_freetext"
3R8nlXwUPQLRnHcEjvam,"New Life Interfaith Ministries, Inc Pantry",Jefferson,orange,"(205) 425-4735","",33.4029358,-86.9606175,"unparseable_hours_freetext"
3RiPbsBsmtuxV7xZ0koa,"The Leaf Pantry and Urban Farm",Jefferson,orange,"(205) 999-1854","",33.4526316,-86.9443639,"unparseable_hours_freetext"
3XAXcEWWGPCQW9ypGbvo,"Bethlehem Missionary Baptist Church",Russell,orange,"(334) 298-1403","",32.470918734062,-85.055739201129,"unparseable_hours_freetext"
3nYUa7zGHXnADLWfgs5J,"Fountain of Life Community Development",Madison,grey,"","",34.6940402092,-86.609598688519,"missing_phone; unparseable_hours_freetext"
3q6sgNfeVQPF1CAmwmN1,"Flat Rock Community Center",Jackson,grey,"","",34.769637400665,-85.691455749899,"missing_phone; unparseable_hours_freetext; coords_outside_county_bounds"
3rSkOnIZfAsGDAGIpeQ7,"Feeding the Gulf Coast",Mobile,orange,"(251) 653-1617","https://www.feedingthegulfcoast.org/",30.580844,-88.162852,"unparseable_hours_freetext; missing_zip; website_is_directory_listing"
3xiYRQ0Qi1cKvbsKkuSo,"Calvary Assembly of God - Decatur Dream Center",Morgan,grey,"","",34.589478126634,-86.991860706786,"missing_phone; unparseable_hours_freetext"
3ywk47uEnzN9UIOAD2dW,"Miller Hill Missionary Baptist Church",Sumter,orange,"(205) 499-9798","",32.7295907,-88.1126539,"unparseable_hours_freetext"
43kLmgk4ry39Tq7KbwQs,"First Missionary BC",Houston,orange,"(334) 258-3861","",31.293197468263,-85.117643390923,"unparseable_hours_freetext"
4EJJw5l3lSbW5lGvA0FS,"Bethel United Methodist Church Pantry",Jefferson,orange,"(205) 283-1383","",33.7946328,-86.7089546,"unparseable_hours_freetext"
4EWelLqeYFetqIKGLeeg,"St. Patrick Lazarus Pantry",Russell,orange,"(334) 298-8552","https://stpatsphenixcity.org/news/lazarus-outreach-center",32.4698,-85.0007,"unparseable_hours_freetext; missing_zip; placeholder_coords_repeated_x2"
4FiRdkF80c0MyX12HqPP,"Uriah United Methodist Church - The Shepard's Pantry",Monroe,orange,"(717) 486-7543","",31.30565391,-87.50217693,"unparseable_hours_freetext; coords_outside_county_bounds"
4JNCBOL4BJurFw3BkmnC,"House of Restoration Pentecostal Church",Tallapoosa,orange,"(256) 524-0951","",32.793758510721,-85.648630042727,"unparseable_hours_freetext"
4R8OJYKZcKA8k0zYbhKQ,"Lake Elam Missionary Baptist Church",Elmore,orange,"(334) 221-3226","",32.476136,-86.3553222,"unparseable_hours_freetext; coords_outside_county_bounds"
4ePu8z3HEz6DTqqxQdTo,"A Servant's Heart Mission Pantry",Etowah,orange,"(256) 441-4780","",33.9677303,-85.76905,"unparseable_hours_freetext; coords_outside_county_bounds"
4m8HrovHkwlHo60xrr8H,"Gateway Community Outreach at Navco",Mobile,orange,"(251) 471-3552","",30.63086449,-88.1059694,"unparseable_hours_freetext"
4nB13K1xnddyQWBv1eSE,"Closing the Revolving Door",Mobile,orange,"(251) 402-5965","",30.73196073,-88.07935977,"unparseable_hours_freetext"
4xPESk6VCP4w5i1ZDSVu,"Alabaster Church of God Pantry",Shelby,orange,"(205) 588-9262","",33.244624,-86.8223266,"unparseable_hours_freetext"
50JrRQIvd33RIPUHxEU7,"Church of the Lord Jesus Christ Apostolic",Mobile,orange,"(251) 689-8909","",30.80440101,-88.26049898,"unparseable_hours_freetext"
55mhNJ2jhrO0C9EX9wZb,"Parrish First Baptist Church Pantry",Walker,orange,"(205) 300-3101","",33.731645,-87.284576,"unparseable_hours_freetext"
56vOoYMqDcnMMjTiHw9A,"Bama Cares Student Pantry",Tuscaloosa,orange,"(205) 348-2461","",33.2145156,-87.545665,"unparseable_hours_freetext"
58nKNUAbf3fBwPKUYJW0,"Favored Families Food Pantry",Randolph,grey,"","",33.170017,-85.3681572,"missing_phone; unparseable_hours_freetext; missing_street; missing_city; missing_zip"
5E8DSFBeJNWvWXKUqJVT,"St. John Missionary BC",Houston,orange,"(334) 522-3220","",31.2232,-85.3905,"unparseable_hours_freetext; placeholder_coords_repeated_x3"
5F7asmVfSsDGlW0ENPLO,"Mt. Zion Chapel AME Zion",Elmore,orange,"(334) 324-3682","",32.5966206,-86.2753322,"unparseable_hours_freetext"
5MvzUnbAxfZoMTQRFPOw,"Greater Dothan Baptist Church",Houston,orange,"(334) 699-0066","",31.184121869929,-85.379390702245,"unparseable_hours_freetext"
5PsZde2hFtQsIpm3vPfn,"Main Street Ministries Pantry",Winston,orange,"(205) 272-1356","",34.1707533,-87.4027846,"unparseable_hours_freetext"
5W9PK7DeMVAj4cMQ6U6J,"Victory Health Partners, Inc.",Mobile,orange,"(251) 460-0999","",30.66690699,-88.14081496,"unparseable_hours_freetext"
5bRcbHjME6HCOZMMFPsL,"Greenwood Community Covenant Church",Baldwin,orange,"(251) 989-6495","",30.50152802,-87.64924802,"unparseable_hours_freetext"
5eRZ1z8Ndq2ymJGtLzIx,"Pine Grove Church Manna House",Lee,orange,"(334) 749-8874","",32.707323742623,-85.258134709461,"unparseable_hours_freetext"
5neAq82BXqxjfyayHyj5,"Life Point Church",Marshall,grey,"","",34.282212772685,-86.227231347983,"missing_phone; unparseable_hours_freetext"
5qmoKNiYlKmudq2mXkAJ,"Westside Baptist Church Pantry",Walker,orange,"(205) 221-5131","",33.8285849,-87.2886458,"unparseable_hours_freetext"
5u8IUbaDXcxNP8Jhs5n4,"Cedar Bluff First United Methodist Church Pantry",Cherokee,orange,"(256) 201-3704","",34.2206151,-85.6053639,"unparseable_hours_freetext"
60wznP9trSEVweeNzmvH,"Homewood Church of Christ Pantry",Jefferson,orange,"(205) 942-5683","",33.4387837,-86.8403123,"unparseable_hours_freetext"
69TqeNs1dg7nCyITCFJv,"Hillside Baptist Church",Cullman,grey,"","",34.302644058414,-86.899055233794,"missing_phone; unparseable_hours_freetext"
6KwZc3NL8gcxF4F9xPig,"Sweet Bethel Missionary Baptist Church",Mobile,orange,"(251) 824-4132","",30.38724217,-88.24610423,"unparseable_hours_freetext"
6PO4ASilX9OcbKc6EWBc,"First Baptist Church Mission Center",Montgomery,orange,"(334) 263-6369","",32.376010666279,-86.31967401379201,"unparseable_hours_freetext; missing_street"
6RYQuxvLstyNsvadfNI9,"Serving You Ministries, Inc. Pantry",Jefferson,orange,"(205) 908-6216","",33.5493172,-86.7406286,"unparseable_hours_freetext"
6SgN8Q2zFWV6HAXvKN4K,"CSFP - Baptist Retirement",Etowah,orange,"(256) 494-9400","",33.9973482,-85.9644495,"unparseable_hours_freetext"
6YsALjR8FRwavnaF5mQR,"Trinity Baptist Church",Morgan,grey,"","",34.589888954155,-87.08848413043,"missing_phone; unparseable_hours_freetext"
6aWjQmL4UXinuELvMBAj,"Macedonia Primitive Baptist Church",Limestone,grey,"","",34.751419120694,-86.796159315229,"missing_phone; unparseable_hours_freetext"
6bEJXybVLKZCJ283KMkc,"Connecting Pointe Pantry",Jefferson,orange,"(205) 541-0661","",33.5681319,-86.6452568,"unparseable_hours_freetext"
6jzwUJATu6JqwVqp5lRO,"Cowboy Church of Colbert County",Colbert,grey,"","",34.7365,-87.7025,"missing_phone; unparseable_hours_freetext"
6lrOMs1W5J2CUjk06dvM,"St. John Catholic Church",Dale,orange,"(334) 774-6826","",31.44356107048,-85.6488795301,"unparseable_hours_freetext"
6maUiNjFTHGrcambTQCQ,"Lawrence County Dream Center",Lawrence,grey,"","",34.657038967238,-87.376713937592,"missing_phone; unparseable_hours_freetext"
6oqxx1j9yy8vWFHedEVr,"Greater Birmingham Ministries Pantry",Jefferson,orange,"(205) 326-6821","",33.529416,-86.8098266,"unparseable_hours_freetext"
6vOdFytI1mKQVAUnPgwn,"Selma Area Food Bank (Hub)",Dallas,orange,"(334) 872-4111","https://selmafoodbank.com",32.4073,-87.0211,"unparseable_hours_freetext; missing_zip; placeholder_coords_repeated_x2"
70OtZeJUAQ5H776IogPt,"Life Source",Morgan,grey,"","",34.447490674336,-86.840509655935,"missing_phone; unparseable_hours_freetext"
73i03CMjda3oYLPf5zzO,"Feeding Cleburne Pantry",Cleburne,orange,"(770) 550-9767","",33.5254526,-85.3424219,"unparseable_hours_freetext"
7IgMEeuvngihwIxUZ1yx,"Elmore County Food Pantry",Elmore,orange,"(334) 567-3232","",32.5412476,-86.2238731,"unparseable_hours_freetext"
7JvPzQbhx74meExL7ZrI,"Belmor Baptist Church",Limestone,grey,"","",34.8029,-86.9722,"missing_phone; unparseable_hours_freetext"
7LPilBjN6sRee8gATBRF,"Christian Love Pantry",St. Clair,orange,"(205) 884-7200","",33.5880177,-86.2870447,"unparseable_hours_freetext"
7ioKctr3r0MaTKNAQU1X,"Sycamore House of Compassion Pantry & Soup Kitchen",Talladega,orange,"(256) 267-0831","",33.2589348,-86.2021009,"unparseable_hours_freetext"
7ixgA7hjtt5Ve7FVE2sI,"Hamby's Chapel United Methodist",Cullman,grey,"","",34.303174126334,-86.784054891936,"missing_phone; unparseable_hours_freetext"
7jnLBOShKc98hKb5u1W4,"Bethlehem Missionary Baptist Church - Greenville",Butler,orange,"(334) 437-1166","",31.7599129,-86.453252,"unparseable_hours_freetext"
7xmXnsUoYFrXcD2BtWLG,"Lakeview Baptist Church",Lee,orange,"(334) 887-7904","",32.608861507057,-85.449810086426,"unparseable_hours_freetext"
7xtaNvT0vKkeizzeOXQF,"Patricia Haley Charity",Madison,grey,"","",34.7304,-86.5861,"missing_phone; unparseable_hours_freetext; placeholder_coords_repeated_x6"
8ChfPRBSIrLi0g9xgYsy,"Catholic Center of Concern Pantry",Etowah,orange,"(256) 546-0028","",34.0135864,-86.0074926,"unparseable_hours_freetext"
8NGgm3DrVTXvdeFHAUD3,"Church of the Reconciler Pantry",Jefferson,orange,"(208) 861-1205","",33.4911373,-86.914978,"unparseable_hours_freetext"
8TVnxej0fJ0XbECGcgdW,"First Methodist Church Hueytown Pantry",Jefferson,orange,"(205) 305-4186","",33.4517756,-86.9975603,"unparseable_hours_freetext"
8bM6IPjtjJUs7JaGMAYs,"New Generation Church",Mobile,orange,"(251) 334-0898","",30.716279,-88.20731396,"unparseable_hours_freetext"
8gFTRySU0MeYuDiQFFTQ,"Calvary Assembly of God",Mobile,orange,"(251) 661-8130","",30.58963402,-88.19973203,"unparseable_hours_freetext"
8h9Lk1Zb1nMxAoszupwA,"Project G.R.A.C.E.",Perry,orange,"(334) 345-0356","",32.644119865228,-87.287719876861,"unparseable_hours_freetext; missing_zip"
8iPxghY8rWp4udObJjIp,"Cane Creek Missionary Baptist Pantry",Jefferson,orange,"(205) 238-1879","",33.8143112,-86.8477415,"unparseable_hours_freetext; coords_outside_county_bounds"
8nnwTPmKIaAAQx3tugP0,"Kikstart Incorporated Pantry",Jefferson,orange,"(623) 570-7616","",33.3674581,-87.0121489,"unparseable_hours_freetext; coords_outside_county_bounds"
8rjx5IoITTHMkOJRDA01,"Dilworth Church of God Pantry",Walker,orange,"(205) 648-6327","",33.8006565,-87.0546114,"unparseable_hours_freetext"
94gfhAr9INJzT03gyTJh,"Empowerment Tabernacle Christian Center",Escambia,orange,"(251) 253-9817","",31.03745999,-87.49175198,"unparseable_hours_freetext; coords_outside_county_bounds; duplicate_name_x2"
96JeBCdU4gymfHyFZcyO,"Aurora Missionary Baptist Church Pantry",Etowah,orange,"(205) 493-6198","",34.120348,-86.1920145,"unparseable_hours_freetext"
9H9yHhs4QzVGeZyA1d7T,"From Under the Tree Ministries",Macon,grey,"","",32.426513271639,-85.689831187953,"missing_phone; unparseable_hours_freetext"
9IvWqComYq5vbsvwtzcw,"Sowing Seeds of Hope",Perry,orange,"(334) 683-4666","",32.6368,-87.3195,"unparseable_hours_freetext; missing_zip; placeholder_coords_repeated_x6"
9j1rZYWqrej3pwoNbPRT,"Hines Baptist Church",Marion,orange,"(205) 486-2767","https://www.feedingamerica.org/find-your-local-foodbank",34.2715531,-87.7221291,"unparseable_hours_freetext; website_is_directory_listing"
9mJE5DQppiREzM9brjCv,"Central Baptist Church",Morgan,grey,"","",34.554458041026,-86.973745865118,"missing_phone; unparseable_hours_freetext; duplicate_name_x2"
9t0AA8eIKfDBI5iNqOxO,"Walk of Faith Ministries Pantry",Walker,orange,"(205) 275-9165","",33.9315999,-87.4413843,"unparseable_hours_freetext"
9ts4hix0vFWPDlMGWClj,"Paul Mitchell Ministries Pantry",Jefferson,orange,"(205) 612-6403","",33.5000929,-86.8610287,"unparseable_hours_freetext"
9vZctReMcYWf22c3SuXP,"Smithfield Backpack Buddies Agency Backpack",Jefferson,orange,"(205) 602-2846","",33.5091162,-86.8311094,"unparseable_hours_freetext; placeholder_coords_repeated_x2; duplicate_address_x2"
9z3VZTPWg2X0kW6ziz2g,"Helping Hands Dothan",Houston,orange,"(601) 934-0554","",31.306409820336,-85.438543494338,"unparseable_hours_freetext"
A0G8jZ0TVwtEmNQRPgRs,"Bayou Sara Baptist Church",Mobile,orange,"(251) 675-1770","",30.82667399,-88.06790699,"unparseable_hours_freetext"
ADmp7BIXaRdfVci4Ip1s,"North Jefferson Baptist Caring Center Pantry",Jefferson,orange,"(205) 608-3112","",33.6888143,-86.8729346,"unparseable_hours_freetext"
AHPIchLJZmOf9PGSLsIe,"Greater 14th Baptist Senior Grocery Program",Jefferson,grey,"","",33.3920019,-86.9497312,"missing_phone; unparseable_hours_freetext"
AKNbDG3znExTMGPIVkeX,"Eagle's Rest Pantry",Walker,orange,"(205) 522-2329","",33.7179345,-87.3859392,"unparseable_hours_freetext"
ALFK4WVblBBJ4A28cSJZ,"Westwood Baptist Church (Harvest House) Pantry",Shelby,orange,"(205) 908-9905","",33.2558174,-86.8008917,"unparseable_hours_freetext"
ANWBfgEvxHj30JJjCKGX,"Sixth Ave Baptist Church Pantry & Backpack",Jefferson,orange,"(703) 850-9926","",33.4853336,-86.8390283,"unparseable_hours_freetext"
Aa5Sp6kXEL4qW7aEEZx1,"Hale County Dept of Human Res",Hale,orange,"(334) 624-2580","",32.7054,-87.5984,"unparseable_hours_freetext; missing_zip"
Ac8pByTSdrz6Yy6vqZVJ,"Tuscaloosa Church of God-Real Hope",Tuscaloosa,grey,"","",33.1684938,-87.541219,"missing_phone; unparseable_hours_freetext"
AmLpQIF9yKh4OyGInaiD,"Titusville Development Corp Pantry",Jefferson,orange,"(205) 925-0958","",33.4972693,-86.8260123,"unparseable_hours_freetext"
AnYBJMumUedbYsQtMgUM,"Canterbury Chapel",Tuscaloosa,orange,"(205) 345-9590","",33.1974862,-87.5301898,"unparseable_hours_freetext"
AoOSOyJi1r5HzG7uHuRC,"Triune Christian Family",Houston,orange,"(334) 828-4541","",31.226914701355,-85.399719897386,"unparseable_hours_freetext"
AxZGdBwzBao2uqH0S1Vi,"Swift Presbyterian Church",Baldwin,orange,"(251) 943-8367","",30.37518998,-87.62799202,"unparseable_hours_freetext"
B4zka1wioZtFdnNpMbGd,"Hilltop Cidel Christian Church",Barbour,orange,"(334) 688-1229","",31.888833062917,-85.143877342386,"unparseable_hours_freetext"
B72tOSe6NIvnBpl5tYkc,"First Presbyterian Church Sheffield",Colbert,grey,"","",34.762837929272,-87.697801625232,"missing_phone; unparseable_hours_freetext"
B8FRcvW6syQpviICqKHr,"Hope House Pantry",Blount,orange,"(205) 625-4673","",33.9572475,-86.4661219,"unparseable_hours_freetext"
BACCMBEbApOnNuYj3PsS,"Friends of Theo Ratlif",Marengo,orange,"(334) 654-4457","",32.50498616736,-87.826445480319,"unparseable_hours_freetext; missing_zip; placeholder_coords_repeated_x2; coords_outside_county_bounds; duplicate_address_x2"
BAN0oITCjZJmLX0jEHHh,"Cullman Caring For Kids",Cullman,grey,"","",34.1748,-86.8434,"missing_phone; unparseable_hours_freetext; placeholder_coords_repeated_x3"
BAZLHBww6ahTETF9ZxUD,"The Harbor Church",Houston,orange,"(334) 790-4031","",31.22687202969,-85.392431086435,"unparseable_hours_freetext"
BED7P7DuxKlYMJ9kNYii,"Saint Vincent Society of Saint Thomas",Mobile,orange,"(251) 458-4578","",30.76611201,-88.07563996,"unparseable_hours_freetext"
BFdTszEUxIrfLZoPLv63,"Unsheltered International",Cullman,grey,"","",34.184927748867,-86.983589682001,"missing_phone; unparseable_hours_freetext"
BONhaAgIkmlghvyCRZWa,"Journey Church",Madison,grey,"","",34.811699133221,-86.569695686006,"missing_phone; unparseable_hours_freetext"
BOQgFGpPjRLejy7ltQzK,"Leeds First Methodist Church Pantry",Jefferson,orange,"(205) 699-8575","",33.5439856,-86.544669,"unparseable_hours_freetext; coords_outside_county_bounds"
BR4O49H2E7enhZeDlycI,"Steele United Methodist Church Pantry",St. Clair,orange,"(256) 390-2992","",33.9398201,-86.2016435,"unparseable_hours_freetext; coords_outside_county_bounds"
BRHXGWVtc3PWgw9of3KN,"Fairfield High Preparatory School - School Pantry Program",Jefferson,grey,"","",33.4911852,-86.9083268,"missing_phone; unparseable_hours_freetext"
Ba2v0XSnCLHO3dYcwYIf,"Christian Service Center",Baldwin,orange,"(251) 968-5256","",30.27318499,-87.68221598,"unparseable_hours_freetext; duplicate_name_x2"
BbL2rQIRdwbAOV6Gx0m1,"Greater Ebenezer Missionary Baptist Church",Lee,orange,"(706) 718-2724","",32.4008557,-85.7220855,"unparseable_hours_freetext; missing_street; missing_city; missing_zip; coords_outside_county_bounds"
BeP8kTMOSx5ypie63QJx,"Wallace Chapel Iglesia del Nazareno",Tuscaloosa,orange,"(334) 301-2515","",33.1500234,-87.2562568,"unparseable_hours_freetext"
BgFiIMdSmhRNEkkg8Afg,"Bethlehem Baptist Church",Madison,grey,"","",34.976906101339,-86.645679154114,"missing_phone; unparseable_hours_freetext; coords_outside_county_bounds"
Br1YTFeb3N92jnrx5Omk,"The Link / Master's Hands Food Pantry",Cullman,grey,"","",34.172024241316,-86.831553851141,"missing_phone; unparseable_hours_freetext"
BrLCr7O5PYWY25Oz2szj,"CSFP - East Lake House",Jefferson,orange,"(205) 833-1798","",33.5638089,-86.7237971,"unparseable_hours_freetext"
C1rzoXojQTAJwp1TVwiB,"First Baptist Church Alabaster Pantry",Shelby,orange,"(205) 663-3531","",33.2467353,-86.8272112,"unparseable_hours_freetext"
C9bzq6JWmEKj1f5h4vw4,"Washington Baptist Association",Washington,orange,"(251) 847-2753","",31.45897779,-88.23164646,"unparseable_hours_freetext"
CIVlEjrMxCjQ3MCow6i2,"One In Christ Ministries",Madison,grey,"","",34.772095915857,-86.514200435138,"missing_phone; unparseable_hours_freetext"
COnDzQbg0j3nrpGwv54Z,"Greater Shiloh Baptist Church",Henry,orange,"(334) 693-3590","",31.354508176649,-85.336581658263,"unparseable_hours_freetext"
CV6YiFBqqxuKcaJAaNDn,"Marshall County Christian Services",Marshall,grey,"","",34.26629670674,-86.220235036844,"missing_phone; unparseable_hours_freetext"
CaZmL4vPwkbe9YxzRhdu,"Selma AIR",Dallas,orange,"(334) 872-6795","",32.4074,-87.0211,"unparseable_hours_freetext; missing_zip; placeholder_coords_repeated_x2"
CckjgaFt0t55dihStMWJ,"New Pilgrim Baptist Church Pantry",Jefferson,orange,"(205) 335-1626","",33.4876016,-86.8361974,"unparseable_hours_freetext"
CfizBnu2lZX9GuCSCRjJ,"Jackson Chapel AME Zion Church",Elmore,orange,"(334) 322-5239","",32.4944423,-86.3477958,"unparseable_hours_freetext"
CjgxrRrEZFT2ru6qrPNy,"Henagar Baptist Church",DeKalb,grey,"","",34.626619275741,-85.828050978015,"missing_phone; unparseable_hours_freetext"
CkB6RTCqj79827BqmMsi,"New Market U.M.C.",Madison,grey,"","",34.907390756841,-86.426850601953,"missing_phone; unparseable_hours_freetext"
CmBf5AcJg7PB28UJAcUp,"Mt. Olive Missionary Baptist Church - Burkeville",Lowndes,orange,"(334) 300-2793","",32.2564759,-86.5363821,"unparseable_hours_freetext"
CmxxjQyzdKakhFpnrM5G,"The HUB Community Development Corporation, Inc. Pantry",Jefferson,orange,"(205) 230-4290","",33.3325349,-86.9595863,"unparseable_hours_freetext; coords_outside_county_bounds"
CxiiJnZzCTSRdBlxHykA,"Shady Grove C.H. Church",Houston,orange,"(334) 714-3878","",31.2232,-85.3905,"unparseable_hours_freetext; placeholder_coords_repeated_x3"
D3ksTykaBJQQsrFofCzj,"Lakewood Baptist Church",Tuscaloosa,orange,"(205) 333-0414","",33.229007,-87.5772293,"unparseable_hours_freetext; duplicate_name_x2"
DJvWhDHl56trqKcXfvKi,"Calvary Resurrection Christian Pantry",Jefferson,orange,"(205) 836-8022","",33.616156,-86.6998578,"unparseable_hours_freetext"
DMvUSLD6zrVGFhyEf1sN,"Roaches Cove Baptist",Jackson,grey,"","",34.82197979639,-85.928788181511,"missing_phone; unparseable_hours_freetext"
DNMVJjj431gU5dMQBY4g,"Rose of Sharon",Madison,grey,"","",34.746361220385,-86.598724484566,"missing_phone; unparseable_hours_freetext"
DWRbYJoYlGmAwOvHkoE2,"Perry County Food Bank",Perry,orange,"(334) 683-6541","",32.6329,-87.3192,"unparseable_hours_freetext; missing_zip"
DWsyP7HYjWKsq3IOYwLm,"Lincoln Church of Christ",Madison,grey,"","",34.747937391949,-86.583649342595,"missing_phone; unparseable_hours_freetext"
DdhRUrldOljg3dFurOFh,"One Meal Mobile",Mobile,orange,"(251) 622-3460","",30.80573302,-88.10182101,"unparseable_hours_freetext"
DgzLZEcuCLTh5Yzz4BVG,"St. James Major Parish",Mobile,orange,"(251) 456-6842","",30.72781501,-88.09295102,"unparseable_hours_freetext"
E2d77oZxmzgQM5bJJ3aP,"CSFP - Cherokee Manor",Cherokee,orange,"(256) 927-4581","",34.161612,-85.6533714,"unparseable_hours_freetext"
E5j1wrMo1e0T8qMOHVCG,"Shepherd of the Bay Lutheran Church",Baldwin,orange,"(251) 962-7682","",30.41228401,-87.44791898,"unparseable_hours_freetext; coords_outside_county_bounds"
E6VeMFpGR4FqtErSC1iH,"Clearview Worship Center Pantry",Cherokee,orange,"(256) 557-5348","",34.1670527,-85.660255,"unparseable_hours_freetext"
E7Uk23dRXFOzQSy4ILEu,"Operation Homecare",Marengo,orange,"(205) 392-9292","",32.4918,-88.2959,"unparseable_hours_freetext; missing_zip; coords_outside_county_bounds"
E8Zl4rZExWEGEhNMZMn2,"Catholic Social Services of Lee County",Lee,orange,"(334) 363-0698","",32.624806393459,-85.405128214048,"unparseable_hours_freetext"
EHiNqyC06yWf5UaesM3I,"First Church of the Nazarene Rainbow City Pantry",Etowah,orange,"(256) 393-6055","",33.9498831,-86.0516482,"unparseable_hours_freetext"
EKatJsVXtbfKsfzFpnti,"Spirit and Truth Tabernacle",Escambia,orange,"(251) 296-5112","",31.00400307,-87.26005956,"unparseable_hours_freetext"
EXbzrnz0Z5CNSF85O8nC,"Eidson Chapel",Cullman,grey,"","",34.241427434426,-86.586450327286,"missing_phone; unparseable_hours_freetext"
EbyZgteFAT8fDFKbBwVL,"Airport Boulevard Baptist Church",Mobile,orange,"(251) 342-3280","",30.67626099,-88.18719002,"unparseable_hours_freetext"
Ez11KQT2kA9ekpF1au9L,"Salvation Army-Scottsboro",Jackson,grey,"","",34.67722830368,-86.01298512057,"missing_phone; unparseable_hours_freetext"
F8ROpznr26MTONoo8B4v,"Tyus Ministries",Dallas,orange,"(334) 874-8340","",32.417069200524,-87.04372392796,"unparseable_hours_freetext; missing_zip"
F8uz325Y3DVgANdKuhzk,"Catholic Social Services of Clarke County",Clarke,orange,"(251) 246-0131","",31.52374895,-87.89518738,"unparseable_hours_freetext"
F9My7EA2TYpROogB9aDi,"Triana SDA Church",Madison,grey,"","",34.596799685143,-86.749992181406,"missing_phone; unparseable_hours_freetext"
FA0DyUVmH9UPwxCcnGqf,"Harper Springs Baptist Church Pantry",Talladega,orange,"(256) 375-9141","",33.1676825,-86.3088676,"unparseable_hours_freetext"
FFBxlZ6tONZ9dWWfpn0V,"Church of God of Union Assembly",Marshall,grey,"","",34.3581,-86.2947,"missing_phone; unparseable_hours_freetext; duplicate_name_x2"
FQJM0SlrazOAQBFedeH1,"Philadelphia Baptist Church",Houston,orange,"(334) 522-3373","",31.2232,-85.3905,"unparseable_hours_freetext; placeholder_coords_repeated_x3"
FQcVs3gLWHyP9BOuvbTn,"The Grace Place/Salem Baptist",Coffee,orange,"(334) 347-5214","",31.369922986817,-85.836972476679,"unparseable_hours_freetext"
FUJD7SGvqhFcAuClDSHo,"Temple Gate Community Service Center",Dallas,orange,"(504) 400-6027","",32.421404963902,-87.021261507819,"unparseable_hours_freetext; missing_zip"
FYzB5aBUf5OUugEoqsCZ,"Word Fellowship",Lauderdale,grey,"","",34.882493136001,-87.47830426771,"missing_phone; unparseable_hours_freetext"
FZNYTDuVuLEirsRqkUut,"SABRA Sanctuary",Dallas,orange,"(334) 412-9427","",32.408453938542,-87.025178602256,"unparseable_hours_freetext; missing_zip"
FapJ4ERjgbnsB57xVmaj,"Loaves & Fishes Ministry",Tallapoosa,grey,"","",32.838413827496,-85.760272807048,"missing_phone; unparseable_hours_freetext"
Ffq1JEySEv8Y71oVHadN,"House of Harvest",Madison,grey,"","",34.858107111553,-86.749117840564,"missing_phone; unparseable_hours_freetext"
FkxFRTSoNyntiJgJro0K,"First Baptist Church of Dawes",Mobile,orange,"(251) 633-7331","",30.60853601,-88.25441297,"unparseable_hours_freetext"
FpxoqMbvLXH5lV4intz8,"Green Valley Baptist Church Pantry & Backpack",Jefferson,orange,"(205) 585-8483","",33.3887516,-86.8165389,"unparseable_hours_freetext"
FxtDh4M93xdFcpmF5OYC,"The Helping Hand",Lawrence,grey,"","",34.586135618349,-87.419648585196,"missing_phone; unparseable_hours_freetext"
G1edmgmL3tA4Dybcy0DR,"Walter Wellborn Elementary School Family Market",Calhoun,orange,"(256) 294-6614","",33.6517251,-85.8795194,"unparseable_hours_freetext"
GSme3vvRhShGevuAmokD,"Julia Street Congregational Methodist",Marshall,grey,"","",34.200841938374,-86.162711164432,"missing_phone; unparseable_hours_freetext"
GUNvtJa269kO1hNbyaVK,"T.E.E.L.A",Marengo,orange,"(334) 375-0162","",32.273044202848,-87.623461591239,"unparseable_hours_freetext; missing_zip"
GcGWkhLHVrCASUiMrVW8,"Trinity United Methodist Church Pantry & Backpack",Jefferson,orange,"(205) 879-1737","",33.4543615,-86.8292507,"unparseable_hours_freetext"
GdGXmUth0cMqhRpE42SZ,"Bayou Recovery Project",Mobile,orange,"(251) 824-1550","",30.41204898,-88.24750502,"unparseable_hours_freetext"
GxKmYpNTlubWyP8sAhQU,"South Highland Presbyterian Church Pantry",Jefferson,orange,"(205) 240-9130","",33.4993942,-86.7943648,"unparseable_hours_freetext"
GyuTuHDSqYfjWxeY8Tze,"True Vine Evangelical Pantry",Jefferson,orange,"(205) 836-1512","",33.5624227,-86.7771731,"unparseable_hours_freetext"
HErpyiQQ2ENKH26iwDf6,"First Baptist Tillman's Corner",Mobile,orange,"(251) 661-0114","",30.58964198,-88.17311798,"unparseable_hours_freetext"
HFSYhxMQqowShczZ5b4M,"First Baptist Church Childersburg Pantry",Talladega,orange,"(256) 589-1038","",33.2765791,-86.3541683,"unparseable_hours_freetext; coords_outside_county_bounds"
HG5VUGfMtaHwhnA0dawh,"Ozark Baptist Church",Dale,orange,"(334) 774-9381","",31.457020701909,-85.639905706179,"unparseable_hours_freetext"
HHlT3FsMkVGNTuKwdMqd,"St. John the Baptist Catholic Church- St. Vincent dePaul",Madison,grey,"","",34.733143720157,-86.741220547308,"missing_phone; unparseable_hours_freetext"
HZycpWzqqaAGzCzs9EC5,"Central Presbyterian Church",Mobile,orange,"(251) 432-0591","",30.687869,-88.06532,"unparseable_hours_freetext"
HbOvqQD4I9etoUGmrZxO,"Owens Chapel Missionary Baptist Church",Madison,grey,"","",34.762039659472,-86.64145495874,"missing_phone; unparseable_hours_freetext"
HfnNQl28Fugsqlw3P0KW,"Upper Room Church Pantry",Shelby,orange,"(205) 479-9535","",33.0765749,-86.87309,"unparseable_hours_freetext; coords_outside_county_bounds"
Hip5YLjUbDT1AMLSa0Bg,"Share House",Morgan,grey,"","",34.490569859101,-86.59157606614,"missing_phone; unparseable_hours_freetext"
HqKXhBerOiiruQzOIe4j,"St Thomas AME Church",Wilcox,orange,"(334) 564-0808","",31.9974,-87.2836,"unparseable_hours_freetext; missing_zip; placeholder_coords_repeated_x2"
Hqj2DbqCK5bq767pL4j5,"Safe Harbor Outreach Center",Autauga,orange,"(334) 365-4108","",32.441775,-86.470549,"unparseable_hours_freetext"
HrJl5EdMO8EJMvEkQPRQ,"South Alabama Worship Center",Mobile,orange,"(251) 721-8610","",30.74973801,-88.22612999,"unparseable_hours_freetext"
HtdQjffafzhoTr72hwE0,"Family Worship Center of Alex City",Tallapoosa,orange,"(256) 392-4331","",32.9406223,-85.9438746,"unparseable_hours_freetext"
HwBurWoi6B8vjzUrNPvY,"Backyard Blessings - Walker County Agency Backpack",Walker,orange,"(205) 544-9094","",33.7560425,-87.0645259,"unparseable_hours_freetext"
I4QkzdNYQ6QjFll7KPcd,"St. Vincent DePaul Conference of the St. Vincent De Paul Society",Mobile,orange,"(251) 223-7947","",30.58863502,-88.19621004,"unparseable_hours_freetext"
I8Lj27rapV5jYoLML9nD,"Marshall County Hope Center",Marshall,grey,"","",34.339670539795,-86.311003000129,"missing_phone; unparseable_hours_freetext"
IKXVY6lN0eWYAraJMe1V,"Revelation Knowledge Bible Church Pantry",Jefferson,orange,"(205) 415-0024","",33.6808222,-86.6776926,"unparseable_hours_freetext"
INgU2cyL6fyLRfFiidV3,"Providence Presbyterian Church",Mobile,orange,"(256) 405-8697","",30.64288002,-88.225211,"unparseable_hours_freetext"
IOe7UsGlACZLTEvFNJXV,"Salvation Army",Mobile,orange,"(251) 438-1625","",30.68728399,-88.05858598,"unparseable_hours_freetext"
IUy6igsMau0vV34Xp8YZ,"United for the Homeless",Tuscaloosa,orange,"(205) 361-2837","",33.27985,-87.570094,"unparseable_hours_freetext"
IW2yblAgXAHBhsjnTybF,"Pine Hill Mission",Wilcox,orange,"(334) 419-7008","",31.9974,-87.2836,"unparseable_hours_freetext; missing_zip; placeholder_coords_repeated_x2"
IcAignvPXRbtTVvuYZ70,"Birmingham AIDS Outreach Pantry",Jefferson,orange,"(205) 322-4197","",33.5185408,-86.7864497,"unparseable_hours_freetext"
If5F7rmcxzoiXAbaIzJ3,"Cahaba Medical Care Pantry",Jefferson,orange,"(205) 679-6325","",33.4679983,-86.9193683,"unparseable_hours_freetext; duplicate_name_x2"
IzNsEMgZMBT3UwbeEH85,"White Springs Baptist Church Pantry",Etowah,orange,"(256) 393-6345","",33.9382662,-86.0634971,"unparseable_hours_freetext"
Izvaf0cL7mzf7nwZkxXw,"Tracy Dent Foundation",Tuscaloosa,orange,"(205) 246-5655","",33.1450268,-87.3306017,"unparseable_hours_freetext"
J4OCYsotKInudcxZ0OQO,"Abundant Life Center",Dallas,orange,"(334) 590-7260","",32.411421051988,-87.016990846003,"unparseable_hours_freetext; missing_zip"
J87k2YnOTEvCrHZaDI5u,"The Crossing",Cullman,grey,"","",34.17498021743,-86.857465312362,"missing_phone; unparseable_hours_freetext"
JDgP8NUKFaZYNhmyv7pB,"Winfield First Methodist Church",Marion,orange,"(205) 487-2405","https://www.feedingamerica.org/find-your-local-foodbank",33.9326712,-87.80414,"unparseable_hours_freetext; coords_outside_county_bounds; website_is_directory_listing"
JKIhcXtH5adV21xrMtQb,"Asbury Church",Madison,grey,"","",34.727833308988,-86.741497010033,"missing_phone; unparseable_hours_freetext"
JPAzlvAg27tFoEP8kwSY,"Groveland Baptist Church",Jefferson,orange,"(205) 529-3602","",33.5370868,-86.7521338,"unparseable_hours_freetext"
JQSnpVWsgc3aX6Hx1A0x,"Mt. Pisgah SDA",Madison,grey,"","",34.69818028591,-86.377756853956,"missing_phone; unparseable_hours_freetext"
JV8VAa2Mrs5stjyX0A1Q,"Highlands United Methodist Church Soup Kitchen",Jefferson,orange,"(205) 933-8751","",33.5014694,-86.7954712,"unparseable_hours_freetext"
Js8yzX4uerurdXMKqUmc,"Trinity SDA Church",Limestone,grey,"","",34.796825502504,-86.979774215085,"missing_phone; unparseable_hours_freetext"
JwWYp1453fmEj0EUuRk4,"River of Life Worship Center",Tallapoosa,grey,"","",32.9098,-85.9319,"missing_phone; unparseable_hours_freetext; placeholder_coords_repeated_x2"
K4F7I261zW1DKc1sxzdt,"First Baptist Church of Baltimore Street",Mobile,orange,"(251) 433-8492","",30.66674698,-88.06522101,"unparseable_hours_freetext"
KAddEt9JR1IaEHyJGpCR,"Lowndes County Food Pantry",Lowndes,orange,"(334) 548-2515","",32.1835,-86.5794,"unparseable_hours_freetext; missing_zip"
KTs9dFuUQF1awHablWUT,"Paint Rock Missionary Baptist",Jackson,grey,"","",34.6725,-86.0347,"missing_phone; unparseable_hours_freetext; placeholder_coords_repeated_x3"
KYqjQ59aE1aMISrBkbm4,"Hartselle Church Of The Nazarene",Morgan,grey,"","",34.442681814562,-86.943101313449,"missing_phone; unparseable_hours_freetext"
KYz4fYXEcL31xZnhpqji,"St. Andrew's Episcopal Church Pantry",Jefferson,orange,"(205) 639-9652","",33.4955872,-86.8078857,"unparseable_hours_freetext; placeholder_coords_repeated_x2"
KfaJSGY9iYMFzHeZdI6d,"Mt. Pisgah United Methodist Church",Chilton,orange,"(205) 688-6248","",32.7878552,-86.6258679,"unparseable_hours_freetext"
KlRkH0nDd8VQrb3ci858,"New Flower",Madison,grey,"","",34.735136741209,-86.619084381571,"missing_phone; unparseable_hours_freetext"
KnMYiRoYJFWN3APyMDyx,"New Life SDA Church",Madison,grey,"","",34.77771710487,-86.616529628674,"missing_phone; unparseable_hours_freetext; duplicate_name_x2"
Ko1BOPWCYnqDWrFXy7hR,"Dothan Community Church",Houston,orange,"(334) 794-9464","",31.271205789574,-85.380010864553,"unparseable_hours_freetext"
KvIcLdZZazpltfl1Rseb,"West Alabama Food Bank",Tuscaloosa,orange,"(205) 759-5519","",33.229,-87.5836,"unparseable_hours_freetext; missing_zip"
L2fY2RAwo9v1XOkXYLP4,"Birmingham Hispanic SDA Church Pantry",Jefferson,orange,"(601) 286-0221","",33.4946905,-86.83029,"unparseable_hours_freetext"
L4O5JdlWtNyXZHGumWjW,"Selma Area Food Bank",Dallas,orange,"(334) 872-4111","https://selmafoodbank.com",32.404587,-87.032639,"unparseable_hours_freetext; missing_zip"
L6TGZm2iCRJBc9pGCcPl,"Lineville Mobile Pantry (Clay County Farmers Market)",Clay,orange,"(256) 640-2433","",33.2917602,-85.7752779,"unparseable_hours_freetext"
L9Fqw97cok7DZZfSzbdu,"New Hope Apostolic Church",Dallas,orange,"(334) 418-0202","",32.413519589915,-87.020713768487,"unparseable_hours_freetext; missing_zip"
LCQV5jd17JDMPp9TDn25,"Judson Baptist Church",Henry,orange,"(334) 618-5984","",31.656657399136,-85.176422582177,"unparseable_hours_freetext; coords_outside_county_bounds"
LDiTFAuzu84NYbZwQQlT,"Salvation Army Anniston Pantry",Calhoun,orange,"(256) 236-5643","",33.6496211,-85.8299513,"unparseable_hours_freetext"
LHgVpKqXw5kE4MT003Iz,"Smiths Station Baptist Church",Lee,orange,"(334) 297-4932","",32.6099,-85.4808,"unparseable_hours_freetext; placeholder_coords_repeated_x5"
LJKonSaJ9SsUZ8toFXyX,"Abundant Life Food Pantry",Madison,grey,"","",34.853075555065,-86.457901679715,"missing_phone; unparseable_hours_freetext"
LJXDCQy6ObFN01wSNnUm,"Life Church Huntsville",Madison,grey,"","",34.7304,-86.5861,"missing_phone; unparseable_hours_freetext; placeholder_coords_repeated_x6"
LP8jaXstJkerEXUAppRV,"Thomasville Church of God in Christ",Clarke,orange,"(334) 636-2728","",31.905538,-87.748244,"unparseable_hours_freetext; coords_outside_county_bounds"
LRUT9vg3OJGJkeT1ZNVS,"River of Life",Bibb,orange,"(205) 928-0401","",32.9684264,-87.172086,"unparseable_hours_freetext"
LRtKH9wFvSE5tw7VueOM,"Lilly Grove Baptist Church",Washington,orange,"(251) 847-3673","",31.4593925,-88.25760649,"unparseable_hours_freetext"
LSMGngcaNZ9EBTuBVvbd,"Huffman High School - School Pantry Program",Jefferson,grey,"","",33.6102309,-86.6830272,"missing_phone; unparseable_hours_freetext"
LYLqx2cFO0lKkPEQPHKM,"FBNA Market",Madison,grey,"","",34.723906004217,-86.59637330501,"missing_phone; unparseable_hours_freetext"
LcM4tG0i0kYcUWUF6mv7,"Tabernacle Baptist Church Pantry",Jefferson,orange,"(205) 283-4822","",33.5130661,-86.8368767,"unparseable_hours_freetext"
LpbMF5ediVHZKhGKK3XH,"Russellville First Methodist",Franklin,grey,"","",34.507752283775,-87.728990127953,"missing_phone; unparseable_hours_freetext"
LpjPJJPtozS0rWf1FpuT,"St. Joseph Conference of Society of St. Vincent de Paul",Baldwin,orange,"(251) 473-3761","",30.410248,-87.44194998,"unparseable_hours_freetext; coords_outside_county_bounds"
LqsUgZwiQ0dYA7eJtZFv,"Beulah Baptist Church",Covington,orange,"(334) 493-0470","",31.22806127,-86.23178887,"unparseable_hours_freetext; duplicate_name_x2"
LuuRxfM6pZUEYaAT0Qq5,"Meals on Wheels Pantry & Soup Kitchen",Jefferson,grey,"","",33.5161489,-86.7757105,"missing_phone; unparseable_hours_freetext"
M1DDmJOojg9f36k6Oah3,"Sumter County DHR",Sumter,orange,"(205) 652-5000","",32.5832,-88.1872,"unparseable_hours_freetext; missing_zip"
MAcd529ckq8RrtUuzXtg,"North Wood United Methodist Ch.",Lauderdale,grey,"","",34.816130333577,-87.682128585709,"missing_phone; unparseable_hours_freetext"
MBdjEiI1ifmwqCpMoD0j,"First Baptist Church, Madison",Madison,grey,"","",34.695661335973,-86.751175695123,"missing_phone; unparseable_hours_freetext"
MEOdy9bUAYZT1vtP05ZK,"Butler County DHR",Butler,orange,"(334) 382-2652","",31.8268,-86.6213,"unparseable_hours_freetext; missing_zip"
MJAawWwUmxfaPgWiSKn7,"Shelby Emergency Assistance Pantry",Shelby,grey,"","",33.1073041,-86.8516762,"missing_phone; unparseable_hours_freetext"
MOmsTXTjzZ1cu3DOv6N9,"Annunciation Catholic Church",Monroe,orange,"(251) 575-2644","",31.49949899,-87.32870502,"unparseable_hours_freetext"
MTEWNCGOyIuFuQVmoDRL,"Christians Helping Others",Limestone,grey,"","",34.990977007677,-86.847132679436,"missing_phone; unparseable_hours_freetext"
MavqptEPSuNKY0zrxw4v,"Forgiven Ministries",Barbour,orange,"(334) 687-2896","",31.8913,-85.1455,"unparseable_hours_freetext; missing_zip; placeholder_coords_repeated_x3; duplicate_address_x3"
MbTi36KpSO45HBwZ3YT9,"South Decatur Church of God",Morgan,grey,"","",34.551833030749,-87.000346570666,"missing_phone; unparseable_hours_freetext"
Mc8foWZzcQLm1MGO4vaW,"St. Joseph Catholic Church- St. Vincent dePaul",Madison,grey,"","",34.734517026979,-86.600771953517,"missing_phone; unparseable_hours_freetext"
MgIHywoYvIjltxFj2A1O,"John 23rd Center",Russell,orange,"(334) 667-7362","",32.2376,-85.4138,"unparseable_hours_freetext; missing_zip"
MiryPND6nys5brIaF793,"Mt. Vernon Baptist Church Pantry",Walker,orange,"(205) 522-1188","",33.9571631,-87.2129936,"unparseable_hours_freetext"
Mo8eQoRVskqQf55ohD2U,"Triumph Church of Chilton County",Chilton,orange,"(205) 217-0448","",32.7636322,-86.6274157,"unparseable_hours_freetext"
MpWTnSlLGt8XoQsx53ne,"Jesus is the Way, Truth, Life Pantry",Calhoun,orange,"(256) 452-9958","",33.6393297,-85.7870905,"unparseable_hours_freetext"
MptI5u4iAHb35bg3XH6M,"St. John AME Church- Union Springs",Bullock,orange,"(334) 421-3222","",32.1530868,-85.6443828,"unparseable_hours_freetext"
Mutqlft0W7Amj8Abjb8Z,"Adventist Community - South Park Pantry",Jefferson,orange,"(205) 903-0849","",33.4806465,-86.8746527,"unparseable_hours_freetext"
Mx0144Dl1AbHL9fuxtAo,"New Life Christian Cathedral, Inc. Residential & Soup Kitchen",Calhoun,orange,"(256) 473-5088","",33.6679788,-85.8319322,"unparseable_hours_freetext"
N0c0OA5lNzxWfRqVrbiJ,"White Oak UMC",Barbour,orange,"(334) 687-5991","",31.8913,-85.1455,"unparseable_hours_freetext; missing_zip; placeholder_coords_repeated_x3; duplicate_address_x3"
N7mF86oXtfwwaLEMjrvI,"White Water Baptist Church",Pike,orange,"(334) 344-2137","",31.6886748,-85.8738305,"unparseable_hours_freetext"
NIEUFSlRrDj0KsRwkidi,"Old Kingston Outreach Ministry",Autauga,orange,"(334) 568-8342","",32.5237101,-86.68043,"unparseable_hours_freetext"
NIMJeRBFJzlWjNA6eiIa,"Bread Of Life Ministries",Houston,orange,"(334) 470-6055","",31.221926857337,-85.39355230935,"unparseable_hours_freetext; duplicate_name_x2"
NLrbLv675I24KEXXfqQG,"Macon County Food Pantry",Macon,orange,"(334) 724-2601","",32.4241,-85.6909,"unparseable_hours_freetext; missing_zip"
NPglgQkprgLcvmlaeZEk,"Long Creek Missionary Baptist Church",Butler,orange,"(334) 549-4805","",31.6236606,-86.8248272,"unparseable_hours_freetext"
NQsCcNhlg9R9ZdgDDise,"Dothan 7th Day Adventist",Houston,orange,"(678) 650-5766","",31.188779381513,-85.374189136751,"unparseable_hours_freetext"
Naf0z0QdPDf9zKmE3OSk,"Word of Faith/Project Noah Pantry",Jefferson,orange,"(205) 720-7115","",33.5271114,-86.7237571,"unparseable_hours_freetext"
NcdoNgBNRdAmUY1lQ2Hu,"CJ Donald Middle School - School Based Pantry",Jefferson,grey,"","",33.490535,-86.9057792,"missing_phone; unparseable_hours_freetext"
Nd2iQN4bMQM36o5VqLcP,"Mount Sinai Baptist Church Soup Kitchen",Macon,grey,"","",32.422825208812,-85.689647504979,"missing_phone; unparseable_hours_freetext"
NdEYIyiICit2N5nYWHi3,"Mercy Outreach Mission",Houston,orange,"(334) 890-3402","",31.184813601474,-85.237147802673,"unparseable_hours_freetext"
NoBiv1SK3soJYiEB8yO6,"Greene County Food Bank",Greene,orange,"(205) 372-3311","",32.8474,-87.902,"unparseable_hours_freetext; missing_zip"
NwB0Wovzyet3Nw3p8g9x,"Miflin Baptist Church",Baldwin,orange,"(251) 238-7777","",30.37272101,-87.603742,"unparseable_hours_freetext"
O4jZoalOd1LVqGQhXy0J,"Waterfront Rescue Mission",Mobile,orange,"(251) 433-1847","",30.693277,-88.05360897,"unparseable_hours_freetext"
O6kN2lnDGBNy0elCZF9S,"Coker UMC",Tuscaloosa,orange,"(205) 799-2722","",33.2456415,-87.6856182,"unparseable_hours_freetext"
OEqfciJp42dGSKivjf5h,"Yellow Bluff Baptist Church",Wilcox,orange,"(334) 830-3419","",31.971186581375,-87.492200104028,"unparseable_hours_freetext; missing_zip; coords_outside_county_bounds"
OFl0xLzEiJN3rDekrEde,"Gadsden Christian Fellowship Pantry",Etowah,orange,"(256) 613-3005","",33.969755,-85.962009,"unparseable_hours_freetext"
OHHe6MgKJ1CITzQcRR59,"Open Door Tabernacle",Russell,orange,"(334) 703-6548","",32.6453,-85.3783,"unparseable_hours_freetext; missing_zip; coords_outside_county_bounds"
ON9FJCSzJxP5DyBklTBv,"First Seventh Day Adventist Adamsville Pantry",Jefferson,orange,"(205) 502-6166","",33.5940552,-86.9462771,"unparseable_hours_freetext"
OPe9CuuFDw6lJbPnLkq5,"Saint Mark Church Food Pantry",Tuscaloosa,orange,"(205) 339-5990","",33.2364116,-87.5718768,"unparseable_hours_freetext"
OXmQtw8noJWjTqtybVE7,"Maplesville Baptist Church",Chilton,orange,"(334) 410-0681","",32.7886695,-86.8716481,"unparseable_hours_freetext"
OZj138zJcYSj0FziasoT,"Church of the Highlands Dream Center Pantry",Jefferson,orange,"(205) 591-1700","",33.5416793,-86.7498487,"unparseable_hours_freetext"
OhCsAocIO8XxT32wlY6d,"Autauga Interfaith Care Center (AICC)",Autauga,orange,"(334) 365-4050","",32.46128,-86.4747355,"unparseable_hours_freetext"
OhaaArMWlYKvX6hBxw88,"Christian Care Ministries",Lee,grey,"","",32.658156809182,-85.366675910219,"missing_phone; unparseable_hours_freetext"
Onrp0C8Nl1bj1mEjIrmZ,"Shiloh 7th Day Adventist",Dale,orange,"(334) 774-6713","",31.464017143247,-85.654770612855,"unparseable_hours_freetext"
OsRb3FYBTyUhCXSqxDpJ,"Huntsville Assistance Program (HAP)",Madison,grey,"","",34.722943844787,-86.590440140597,"missing_phone; unparseable_hours_freetext"
OvDMfH5Tzdg5W1sGpZ2A,"Holy Assembly of Jesus",Elmore,orange,"(205) 283-7948","",32.5516175,-86.2550703,"unparseable_hours_freetext"
OyyU1CzOCGCP2GKkId3K,"Valley First Assembly of God",Chambers,orange,"(706) 585-6990","",32.8598,-85.3936,"unparseable_hours_freetext"
P3EfY97EjAB9JRYu9XcZ,"CSFP - Highland Manor",Jefferson,grey,"","",33.5000951,-86.7943772,"missing_phone; unparseable_hours_freetext"
P4JOpekq7MeC0X9oNyQP,"The Meal Barrel Project",Colbert,grey,"","",34.753891712166,-87.956863465356,"missing_phone; unparseable_hours_freetext"
P4N0BgJzePXaJmxYiZOO,"Winds of Change",Dale,orange,"(334) 379-0964","",31.446042596947,-85.660999282907,"unparseable_hours_freetext"
PA5MMeYQlhUuuEyzSRi2,"Courts of Praise",Elmore,orange,"(334) 799-7590","",32.5198146,-86.3242131,"unparseable_hours_freetext"
PM7FHen9kaL5TxHqS3k3,"Prestwick Community Outreach",Washington,orange,"(251) 246-3982","",31.45276748,-87.96693106,"unparseable_hours_freetext"
PPcDH5ZMXdxZH7HCwm06,"Auburn Opelika SDA Church",Lee,orange,"(334) 758-4272","",32.639864092898,-85.33746635096,"unparseable_hours_freetext"
PRjn44xL6yzPOYV11bx6,"Garden City Church Of God",Cullman,grey,"","",34.1748,-86.8434,"missing_phone; unparseable_hours_freetext; placeholder_coords_repeated_x3"
PU3WVmHmHcbtFAW9uCHm,"Manna House",Madison,grey,"","",34.7304,-86.5861,"missing_phone; unparseable_hours_freetext; placeholder_coords_repeated_x6"
PWFDdhknvGbUOLNqpuQK,"The New Pleasant View Baptist Church",Mobile,orange,"(251) 456-2374","",30.72320702,-88.11172397,"unparseable_hours_freetext"
PWkB3jdYiB3UlipnSnLm,"The Help Center",Lauderdale,grey,"","",34.795047721727,-87.672510679703,"missing_phone; unparseable_hours_freetext"
PWpxW1nGy4tzJMFeDAUr,"Mulherin Custodial Home",Mobile,orange,"(251) 471-1998","",30.657934,-88.10027798,"unparseable_hours_freetext"
PaBBudu1Z9t2chNlV70R,"Millry Baptist Church",Washington,orange,"(251) 846-2263","",31.636186,-88.314317,"unparseable_hours_freetext; coords_outside_county_bounds"
PbryHTmYwtQWZDS6grUr,"Matthew 25-35 Outreach Organization Pantry",Shelby,orange,"(205) 706-1002","",33.405422,-86.662945,"unparseable_hours_freetext"
PdByhQtFukcvITjAPW49,"Episcopal Church of the Nativity",Houston,orange,"(334) 792-8742","",31.22436899073,-85.392130905439,"unparseable_hours_freetext"
PeiGM30wfBLVwpFBkqNQ,"Memphis Baptist Church",Houston,orange,"(334) 677-5387","",31.14133807617,-85.366555681245,"unparseable_hours_freetext"
PlclOBuUGLNK9E1zUNMR,"Full Deliverance Church of God Pantry",Jefferson,orange,"(205) 567-9411","",33.4514905,-86.9348975,"unparseable_hours_freetext"
PnEzfPW2ts4Pq46LHjDU,"Decatur SDA Church",Morgan,grey,"","",34.6059,-86.9833,"missing_phone; unparseable_hours_freetext"
PnLr10R6rr7gHnx0uwzi,"Wedowee Lighthouse Community Kitchen",Randolph,grey,"","",33.2704,-85.4527,"missing_phone; unparseable_hours_freetext"
Pnavlx3Ujb24t5dRVnHQ,"Community Care Development Network Pantry",Jefferson,orange,"(205) 586-0740","",33.6343735,-86.6626979,"unparseable_hours_freetext"
PoSFhJ1659aLgEbLtg1j,"Jefferson State Pioneer Food Pantry",Jefferson,orange,"(205) 856-7913","",33.6563999,-86.7076803,"unparseable_hours_freetext"
PusVQuGCVHZ1DwZAGfFT,"Eufaula Church of God In Christ",Barbour,orange,"(334) 687-5397","",31.8913,-85.1455,"unparseable_hours_freetext; missing_zip; placeholder_coords_repeated_x3; duplicate_address_x3"
Pvj6Fe0EuULsJ2b1ToiO,"Christian Service Mission Pantry",Jefferson,orange,"(205) 397-9997","",33.5213085,-86.7801853,"unparseable_hours_freetext"
PzwVKVMn8Hz6uUGlo8EX,"Venison Provisions",Macon,orange,"(334) 439-5080","",32.3957,-85.9094,"unparseable_hours_freetext; missing_zip"
Q1gxkqxZm5ylgsX8aYEE,"Madison Mission SDA Church",Madison,grey,"","",34.694757590163,-86.717193097845,"missing_phone; unparseable_hours_freetext"
Q7xKhjk34m140LEwNHv9,"Calvary Baptist Church",Mobile,orange,"(251) 866-7501","",31.13483202,-88.25033601,"unparseable_hours_freetext; coords_outside_county_bounds"
QAC57jXNzYyVUW41fRsQ,"Moundville Baptist Church",Hale,orange,"(205) 371-6370","",32.9998951,-87.6272781,"unparseable_hours_freetext; coords_outside_county_bounds"
QLDItuywkzk7atlbuRCQ,"St. Mark United Methodist Church Society of St. Stephen",Mobile,orange,"(251) 342-5861","",30.66640898,-88.15121296,"unparseable_hours_freetext"
QMSjhVzDveoCGdj8Xrah,"St. Andrew Church of Grace",Morgan,grey,"","",34.60433390829,-86.99906520843,"missing_phone; unparseable_hours_freetext"
QMdZNogtiXYLpzb9oatK,"AGAPE Community Development",Dallas,orange,"(334) 375-0386","",32.374879370304,-87.008699537313,"unparseable_hours_freetext; missing_zip"
QU1dBFIWOCCh1CNlaGPA,"First Methodist Church-Ft Payne",DeKalb,grey,"","",34.440030746127,-85.724948666767,"missing_phone; unparseable_hours_freetext"
QfsIMywodxsOkwE0dgt4,"Faith Church of the Nazarene Pantry",Blount,orange,"(205) 471-4690","",33.8469511,-86.8303094,"unparseable_hours_freetext"
QjuijwQpM4qTRHIAZM4T,"F.A.I.T.H. Groceries",Choctaw,orange,"(205) 457-2637","",32.09005259,-88.22943812,"unparseable_hours_freetext"
Qk0SAOPLk4MgQhdUBxiF,"Azalea City Church of Christ",Mobile,orange,"(251) 649-2436","",30.76472301,-88.22464397,"unparseable_hours_freetext"
QzFHHAQ4LZ7gAhQMgTok,"Potter's House Baptist",Russell,orange,"(334) 298-4416","",32.4698,-85.0007,"unparseable_hours_freetext; missing_zip; placeholder_coords_repeated_x2"
R1nDgelzNheADbvpPM3e,"ROSS Birmingham Pantry & Soup Kitchen",Jefferson,orange,"(205) 920-0790","",33.5169023,-86.7775759,"unparseable_hours_freetext"
R1rCnyLFiqMRjwGXUr31,"Foster Outreach Ministries",Lawrence,grey,"","",34.667033783515,-87.311170264044,"missing_phone; unparseable_hours_freetext"
R6gLS7FxSMNZNUr2LngT,"Moulton Dream Center",Lawrence,grey,"","",34.517039836215,-87.292923991251,"missing_phone; unparseable_hours_freetext"
RDsvRWf2vgNUaml1jU7k,"The Good Samaritan",Lawrence,grey,"","",34.483757144882,-87.284408844461,"missing_phone; unparseable_hours_freetext"
RFtFz6gjnE70bbFpwJdF,"Brilliant Food Pantry",Marion,orange,"(205) 495-4456","https://www.feedingamerica.org/find-your-local-foodbank",34.0247712,-87.7564611,"unparseable_hours_freetext; website_is_directory_listing"
RQFuZI0opqjDEZBDGYt5,"Mt. Olive A. M. E. Zion Church",Mobile,orange,"(251) 456-2058","",30.73436026,-88.09071353,"unparseable_hours_freetext"
RQdWEwZs609mBsLSIYNe,"Christian Center of Concern-Fayette",Fayette,grey,"","",33.6877317,-87.8285265,"missing_phone; unparseable_hours_freetext"
RUfEhyeAx4VKF2oqrQXb,"Special Years Plus, Inc.",Dallas,orange,"(334) 875-3214","",32.43325494486,-86.970503004855,"unparseable_hours_freetext; missing_zip"
Ra0Y83GPkl5VqHcQqtz4,"Wings of Grace",Tuscaloosa,orange,"(205) 616-2792","",33.2389882,-87.4951698,"unparseable_hours_freetext"
RgYVJiiwup6WlfRErB6x,"First Missionary Baptist",Bullock,orange,"(334) 738-3317","",32.1443,-85.7152,"unparseable_hours_freetext; missing_zip; placeholder_coords_repeated_x2; duplicate_address_x2"
RhR2OgQZeOxBgxCBn8nu,"St. Joseph on the Mountain",DeKalb,grey,"","",34.4448,-85.7197,"missing_phone; unparseable_hours_freetext"
RpVThmYJ6lAiVtMH1fZy,"Bridge Church",Lee,orange,"(334) 742-0144","",32.721983271255,-85.236001351679,"unparseable_hours_freetext"
S2wGtEKrRi4k977FngpY,"Refuge Church of Mobile Alabama",Mobile,orange,"(251) 649-3502","",30.74664601,-88.18609501,"unparseable_hours_freetext"
S6NpBbNzGGh1UPKmsgIl,"Trinity Episcopal Church",Mobile,orange,"(251) 473-2779","",30.686761,-88.08614601,"unparseable_hours_freetext; duplicate_name_x2"
S6QddPgpDQqkccZPczbz,"Eufaula Church of God",Barbour,orange,"(334) 687-4581","",31.793156519743,-85.169286051026,"unparseable_hours_freetext"
SCIIUx6943VLTKXyQ2iy,"CSFP - Be The Change",Jefferson,orange,"(205) 966-5239","",33.6390028,-86.8097359,"unparseable_hours_freetext"
SCYPbPy2OIteH2cLOGRH,"Huntsville Assistance Program (HAP) - Madison",Madison,grey,"","",34.69005599905,-86.752848036968,"missing_phone; unparseable_hours_freetext"
SNDswspr30nNQcGSM2xl,"Open Arms Fellowship Pantry",Blount,orange,"(256) 677-1475","",34.0584208,-86.4739498,"unparseable_hours_freetext"
STYCBMxYSaLZZWgbn45B,"Community Action Togetherness Service, Inc Pantry",Jefferson,orange,"(205) 383-8626","",33.498413,-86.603009,"unparseable_hours_freetext"
SYxUl6hfMPXM9GDgfdsw,"Our Light Ministry Pantry",Shelby,orange,"(205) 369-6634","",33.496288,-86.5445163,"unparseable_hours_freetext"
Saq3cjKcqfGEJ17J7Ucf,"St. Mark AME-Center of Hope",Tuscaloosa,orange,"(205) 886-2320","",33.1963746,-87.5706959,"unparseable_hours_freetext"
SgLkp25NrLgbJoCUt3iH,"University Church of Christ-Harvest Hands",Tuscaloosa,orange,"(205) 394-7536","",33.2140586,-87.5222113,"unparseable_hours_freetext"
SiHx4VZVv2bthQtvYD8v,"Zelda Kitt Ministry",Macon,orange,"(334) 604-6093","",32.3551935439,-85.851230155061,"unparseable_hours_freetext"
Sl1C0cvKq8re3OHjQRIq,"Linden Baptist Church",Marengo,orange,"(334) 295-4278","",32.306067378714,-87.799239467291,"unparseable_hours_freetext; missing_zip"
SocAXkYYTa5YGQiMx4Go,"Holy Trinity Ministry Church of God in Christ",Mobile,orange,"(251) 473-2779","",30.664233,-88.05603301,"unparseable_hours_freetext"
SuZMBWSXnhOmHrsLtZ4Y,"Hope Community Outreach Pantry",Jefferson,orange,"(205) 602-2686","",33.5767359,-86.717033,"unparseable_hours_freetext"
SyIbmfYoGj17MjokdgOz,"United Community Center, Inc. Pantry",Jefferson,orange,"(205) 925-2944","",33.4557979,-86.8926225,"unparseable_hours_freetext"
SyM8sq167XHy0Ctgm0id,"St. Stephen African Methodist Episcopal Church",Mobile,orange,"(251) 479-3053","",30.704781,-88.10326898,"unparseable_hours_freetext"
T3C66XJLPIhOvMRfa8Wp,"Thirgood Memorial CME Church",Jefferson,orange,"(205) 902-2994","",33.5122697,-86.8358468,"unparseable_hours_freetext"
TBS0meTT89jWt8nYi8RD,"Mt. Zion Methodist Church",Cullman,grey,"","",34.22284338289,-86.858939919102,"missing_phone; unparseable_hours_freetext"
TM0AepxDeHrZjJ35jOit,"New Nelius Baptist Church",Lee,orange,"(229) 829-5615","",32.6099,-85.4808,"unparseable_hours_freetext; placeholder_coords_repeated_x5"
TM2kw0OWpYwjoFZXjOFZ,"Garywood Church Pantry",Jefferson,orange,"(205) 586-5321","",33.4557127,-86.9677273,"unparseable_hours_freetext"
TO7Fr1zUFsQY0Rj84n6T,"Prattville Church of Christ",Autauga,orange,"(334) 365-4201","",32.4589516,-86.4656096,"unparseable_hours_freetext"
TU8585LhjRTxd4JiHsEW,"Cornerstone Church Pantry",Calhoun,orange,"(256) 343-9577","",33.6508196,-85.7378348,"unparseable_hours_freetext"
TVnsPEB0tTAOVGOkaS86,"Joe Brooks Food Ministry Pantry",Jefferson,orange,"(205) 835-6400","",33.5091162,-86.8311094,"unparseable_hours_freetext; placeholder_coords_repeated_x2; duplicate_address_x2"
Ta6KJZBNczQ8jbbyYAlu,"Hands Of Hope Ministry",Mobile,orange,"(251) 287-6146","",30.66505501,-88.14031196,"unparseable_hours_freetext; placeholder_coords_repeated_x2; duplicate_address_x2"
TfeKVlSkKNvHxGC7F7AZ,"Daleville Heights COC",Dale,orange,"(334) 464-0415","",31.4574,-85.6497,"unparseable_hours_freetext; placeholder_coords_repeated_x2"
TjQppNTB0gzW5VgCdXRZ,"Killen United Methodist Church",Lauderdale,grey,"","",34.858137807616,-87.545040871652,"missing_phone; unparseable_hours_freetext"
TksE9ag7tDELf42QEm5r,"Eagle Grove Missionary Baptist Church",Perry,orange,"(334) 875-9985","",32.6368,-87.3195,"unparseable_hours_freetext; missing_zip; placeholder_coords_repeated_x6"
TsSPG70i47BJgSmcu5XU,"Cottonwood United Meth. Church",Houston,orange,"(334) 547-8617","",31.052658388231,-85.303162105897,"unparseable_hours_freetext"
TsdKttWRLvEMOnRAjbf1,"NAME Ministries Inc Pantry & Soup Kitchen",Jefferson,orange,"(205) 786-1642","",33.5123449,-86.8937325,"unparseable_hours_freetext"
Tt50hVko18ktBqrsRGVN,"BBCF",Marengo,orange,"(334) 654-4807","",32.288541497365,-87.766007636825,"unparseable_hours_freetext; missing_zip"
Tw5YJrMwYmGh7DLOGuGD,"Friendship Missionary Baptist Pantry",Calhoun,orange,"(919) 452-0870","",33.662139,-85.8451424,"unparseable_hours_freetext"
TxmcfhgR2IL687mHLlBk,"Ashville First Methodist Church Pantry",St. Clair,orange,"(205) 540-2011","",33.835479,-86.2527054,"unparseable_hours_freetext"
U009RWcJ7A31MmvktL1b,"House of Love",Jefferson,orange,"(205) 901-4717","",33.4967941,-86.902179,"unparseable_hours_freetext"
U5hsOalOPPsrc3dYNNO6,"Nurturing Golden Hearts Pantry",Jefferson,orange,"(205) 902-7910","",33.4474433,-86.9959848,"unparseable_hours_freetext"
U7I2aDm07DxmAciQbnRV,"St. Louis Missionary Baptist Church",Mobile,orange,"(251) 438-3823","",30.69132498,-88.05116103,"unparseable_hours_freetext; placeholder_coords_repeated_x2; duplicate_address_x2"
UFpltw8hRc0kyTmCdMYj,"Brother Bryan Mission Residential & Soup Kitchen",Jefferson,orange,"(659) 910-4474","",33.5131486,-86.8116009,"unparseable_hours_freetext"
UGRPyyET2Ka0jwuQFH2i,"Oakley Baptist Church",Madison,grey,"","",34.982635729513,-86.39349530056,"missing_phone; unparseable_hours_freetext; coords_outside_county_bounds"
UOb6IIdr2tBXPmhDCsGB,"Southside Baptist Church Pantry",Jefferson,orange,"(205) 902-6523","",33.500542,-86.7984156,"unparseable_hours_freetext; placeholder_coords_repeated_x2"
UP5QtaZxYQiwzaCYe2zK,"Belleville Missionary Baptist Church",Conecuh,orange,"(251) 248-2495","",31.43492463,-87.10687103,"unparseable_hours_freetext"
UQzjEeMdjrk2m3PmLigC,"Autaugaville Food Pantry (Autaugaville UMC)",Autauga,orange,"(334) 300-2314","",32.4359274,-86.6557862,"unparseable_hours_freetext"
UT2R9mqBu3lanmUI1yFi,"Tibbie Baptist Church",Washington,orange,"(251) 847-2889","",31.36540985,-88.25357571,"unparseable_hours_freetext"
UU6GZgWbFVEaYH5iNdaf,"New Life Assembly of God-Woodstock Hope Center",Bibb,orange,"(205) 292-6998","",33.1910169,-87.1525412,"unparseable_hours_freetext"
UVg2zwJRM4TnHxtYbkBg,"Way of the Cross Soup Kitchen",Etowah,orange,"(256) 390-0134","",34.019774,-86.0397777,"unparseable_hours_freetext"
UXNAyKLeSO1E05JRF3SD,"Cole Evangelistic Ministries",Pickens,orange,"(205) 463-6433","",33.1295547,-88.15243,"unparseable_hours_freetext"
UaEbAzrh58Y3DVIFRPTw,"Sardis Community Center",Dallas,orange,"(334) 872-7155","",32.291388801072,-87.015969848245,"unparseable_hours_freetext; missing_zip"
Ug61xV9MxbM2AJ7yHWK7,"Kingdom Works Inc.",Monroe,orange,"(251) 244-0357","",31.52363937,-87.3355856,"unparseable_hours_freetext"
UjcQ34mIjzh6FVwMCK9G,"The Joseph Project",Mobile,orange,"(251) 478-6356","",30.69468001,-88.10351197,"unparseable_hours_freetext"
UtJ3qNnjQpq5BHptglu7,"Colbert Caring Center",Colbert,grey,"","",34.732472329748,-87.704928760117,"missing_phone; unparseable_hours_freetext"
UuGNAT7799UmJL1ECPSf,"First Baptist Church Haleyville Pantry",Winston,orange,"(205) 486-0961","",34.2264381,-87.6200551,"unparseable_hours_freetext; coords_outside_county_bounds"
UuoR02mHIIL3XGaupt8B,"Petra Ministries, Inc.",Autauga,orange,"(334) 590-0086","",32.460761,-86.4732192,"unparseable_hours_freetext"
V46auCA9FoOrRwPQum6C,"Church of God of the Union Assembly Pantry",Jefferson,orange,"(205) 281-2156","",33.4022516,-86.9706694,"unparseable_hours_freetext; duplicate_name_x2"
V6vC5WL71lY2G6W7USrE,"Highland Park Church of Christ",Colbert,grey,"","",34.758476188229,-87.66753456326,"missing_phone; unparseable_hours_freetext"
VCiBTVLkAp9tC9BHazPr,"Fish & Loaves Food Pantry",Lauderdale,grey,"","",34.831421259275,-87.307109436039,"missing_phone; unparseable_hours_freetext"
VFH7wg4Pl4mRzEoKUeYI,"East Perry Improvement Center",Perry,orange,"(334) 349-6783","",32.691012356338,-87.130902136284,"unparseable_hours_freetext; missing_zip"
VHF8jLPk5l2tLQDbAWmR,"Addison First Baptist Church Pantry",Winston,orange,"(256) 747-6470","",34.1989523,-87.1750461,"unparseable_hours_freetext"
VHQe56TNOQYfDRu1FQPe,"Chickasaw United Methodist Church - Mike's Pantry",Mobile,orange,"(251) 452-3461","",30.76381101,-88.08022101,"unparseable_hours_freetext"
VHUDqBV2Ea2THMKNpw55,"Catholic Social Services Service Center",Mobile,orange,"(251) 434-1550","",30.68117299,-88.10181899,"unparseable_hours_freetext"
VMYx4Nc2b0EgsVpD7FDH,"New Beginnings United Methodist Church Pantry",Jefferson,grey,"","",33.5516618,-86.8247406,"missing_phone; unparseable_hours_freetext"
VQVyiO16NqOEQ3HcFEuY,"Meals of Love Opp",Covington,grey,"","",31.28163099,-86.253507,"missing_phone; unparseable_hours_freetext"
VROdXC99uxIBHtEuoZrq,"Women of Excellence Fellowship",Madison,grey,"","",34.797913201852,-86.571889493274,"missing_phone; unparseable_hours_freetext"
Vcmte8v2ystNaVDTVoPM,"Phenix City SDA Church",Russell,orange,"334-298-951","",32.46751296579,-85.10826251944,"malformed_phone; unparseable_hours_freetext"
VdH0oH9nOQWiq206YGce,"North Highlands Church of Christ",Franklin,grey,"","",34.528945746669,-87.718768283094,"missing_phone; unparseable_hours_freetext"
VfBBnndM3XbOWZFAQXvP,"LifeChurch Birmingham",Jefferson,orange,"(205) 986-5433","",33.6525248,-86.6382029,"unparseable_hours_freetext"
VfRy2xs5IaCtdrDKmUuK,"Hurricane Valley Assembly Church",Madison,grey,"","",34.861247516605,-86.406285791756,"missing_phone; unparseable_hours_freetext"
VgxavBoXRvLzIfBmQOsa,"St. Paul AME Church-Kindness Kitchen",Tuscaloosa,orange,"(205) 861-0555","",33.1356378,-87.5507929,"unparseable_hours_freetext"
VkTklPzbkwnEer3P9wu7,"Woodmont Baptist Church",Lauderdale,grey,"","",34.82968554125,-87.65617617593,"missing_phone; unparseable_hours_freetext"
VnuQIS73ASYYz5tXsDFR,"New Beginning Church of God",Mobile,orange,"(251) 653-6606","",30.701725,-88.113828,"unparseable_hours_freetext"
VpUyX8tM6oOLqBRTMcoO,"HEARTS of Cleburne Pantry",Cleburne,orange,"(256) 926-5544","",33.6492129,-85.5901055,"unparseable_hours_freetext"
W3XeCzH2HmXPXbpmmaDe,"Church of Life, Inc.",Mobile,orange,"(251) 457-4040","",30.728705,-88.08270599,"unparseable_hours_freetext"
W7Ygk745HNocyZx8h8oL,"CSFP - Southern Ridge",Calhoun,orange,"(256) 236-0193","",33.6836,-85.8414253,"unparseable_hours_freetext"
W8HnBVVb3mFw8MY7hbLI,"Redemption Church - The Blessings Closet",Madison,grey,"","",34.565932399109,-86.446928423,"missing_phone; unparseable_hours_freetext"
WMsVwOpqNPzi1WBO46Cp,"St. John's Deliverance Temple",Mobile,orange,"(251) 479-2084","",30.68058399,-88.10234202,"unparseable_hours_freetext"
WNLGIWFmQps0d4s6p3Ev,"Faith Mission Outreach",Franklin,grey,"","",34.502939078833,-87.731515372013,"missing_phone; unparseable_hours_freetext"
WUWLGgN5DxwR8axhi3Kf,"Copeland Assembly of God",Washington,orange,"(251) 846-2638","",31.56064401,-88.42372003,"unparseable_hours_freetext; coords_outside_county_bounds"
WjRk7dFEwsXsK7hiEeJc,"Hands of Christ Ministry",Montgomery,orange,"(334) 262-6438","",32.3668,-86.2999,"unparseable_hours_freetext; missing_zip; placeholder_coords_repeated_x5; duplicate_address_x5"
WnulB9dqHfyUEXeQN0ZG,"The Hartford Food Pantry",Geneva,orange,"(334) 587-9095","",31.107000942827,-85.695031770288,"unparseable_hours_freetext"
WoERyd97BSOnIgmoC5Lh,"Auburn Community Development",Lee,orange,"(334) 821-2262","",32.612541326331,-85.494581732217,"unparseable_hours_freetext"
WpEDhHaqRBFlYBkzJMf7,"The Grace Place Pantry",Jefferson,orange,"(205) 519-5402","",33.3494256,-87.0151875,"unparseable_hours_freetext; coords_outside_county_bounds"
X3riAdxoQ9eVSJIUQ6gM,"Mt. Zion Baptist Church",Mobile,orange,"(251) 432-2997","",30.69481601,-88.06010997,"unparseable_hours_freetext"
X5uZ6zsRbLOcSK5oEBBb,"Infinite Opportunities",Mobile,orange,"(251) 662-9812","",30.58854898,-88.19044798,"unparseable_hours_freetext"
X9o1SFOAy9tRyDtLUDuW,"Northside Baptist Church",Cullman,grey,"","",34.180810975397,-86.852345913566,"missing_phone; unparseable_hours_freetext"
XHZEPN8uDkCiwKPdEINW,"Hope House Church Soup Kitchen",Walker,orange,"(205) 275-1253","",33.8358969,-87.2865953,"unparseable_hours_freetext"
XMSxMIqtCWvZdTYQZZyw,"New Life SDA Church Pantry",Jefferson,orange,"(205) 754-1823","",33.5795066,-86.8019499,"unparseable_hours_freetext; duplicate_name_x2"
XR9E6id7oMLWNTJxT0Lf,"Iglesia del Nazareno Monantial de Vida",Elmore,orange,"(786) 616-5046","",32.5070973,-86.3808617,"unparseable_hours_freetext; coords_outside_county_bounds"
XRP2IAfUA8z0AQgTbGrg,"St. Paul United Methodist Church",Madison,grey,"","",34.709266714369,-86.611898719912,"missing_phone; unparseable_hours_freetext"
XT4cMXWtEJQv5yI4UPjw,"Macklin Baptist Church",Jackson,grey,"","",34.716947188154,-85.746997422233,"missing_phone; unparseable_hours_freetext; coords_outside_county_bounds"
XXkwCd46t4GGWP7kZaUL,"Good Samaritan Food Pantry (Hartselle)",Morgan,grey,"","",34.443622808821,-86.931428114391,"missing_phone; unparseable_hours_freetext"
XZXFzSDVoosrdrs8Pk8X,"Greater Mircale House of Prayer",Hale,orange,"(334) 507-3990","",33.0038037,-87.6169279,"unparseable_hours_freetext; coords_outside_county_bounds"
Xi5mp28ncvjIB6WTdzgs,"Morning Dove Baptist Church",Baldwin,orange,"(251) 580-3674","",31.02245702,-87.62360501,"unparseable_hours_freetext"
XkD353gEFDS9MM81rm1p,"Annunciation of the Lord Catholic Church",Morgan,grey,"","",34.534101690774,-87.000548748196,"missing_phone; unparseable_hours_freetext"
XskEOdxNlDUfiMOj3uYw,"Tabernacle of Praise Church International",Chambers,orange,"(334) 524-8755","",32.794922289926,-85.180255685054,"unparseable_hours_freetext"
Xwuz1HvBaHivFy7OwpUP,"AIDS Alabama South",Mobile,orange,"(251) 471-5277","",30.673876,-88.14200201,"unparseable_hours_freetext"
XznsP0EQEAln2sPgHl6v,"Shelby Baptist Association Pantry",Shelby,orange,"(205) 910-9713","",33.1667937,-86.6324632,"unparseable_hours_freetext"
Y7OmMijSc8XcHILOXU0D,"The Friends Center Inc.",Washington,orange,"(251) 829-6507","",31.20334653,-88.05735991,"unparseable_hours_freetext"
Y7vU7s7WkloowVIC5upF,"Hope City Church",Tuscaloosa,grey,"","",33.2037314,-87.4876963,"missing_phone; unparseable_hours_freetext"
Y9G8tX9IwhHlc02hT2PK,"West Blocton First Baptist Church",Bibb,orange,"(205) 572-8280","",33.1175278,-87.113737,"unparseable_hours_freetext"
Y9MGEujxFcbeNDCwt0wp,"Pleasant Hill United Methodist Church Pantry",Jefferson,orange,"(205) 910-9383","",33.3308003,-86.9975564,"unparseable_hours_freetext; coords_outside_county_bounds"
Y9TGXsZGBCrDxKAKUMBA,"First United Methodist Church Attalla Pantry",Etowah,orange,"(256) 390-2287","",34.0235642,-86.0875494,"unparseable_hours_freetext"
YNmi63x5lnTeP4KIJ31W,"Mt. Pilgrim People's Development Center Pantry",Jefferson,orange,"(205) 780-5099","",33.4699986,-86.9249204,"unparseable_hours_freetext"
YNrR76NfdXM6gtKk3kym,"Wears Chapel Baptist Church",Madison,grey,"","",34.766887494695,-86.457980026057,"missing_phone; unparseable_hours_freetext"
YRDs9EpYXwtr63TogIYq,"Pine Grove Missionary Baptist Church",Mobile,orange,"(205) 274-8346","",31.09048121,-87.99317379,"unparseable_hours_freetext; coords_outside_county_bounds"
YScYnCxXo5jFkYfOrmxC,"Providence Baptist Church",Mobile,orange,"(251) 802-8732","",30.68605599,-88.09267601,"unparseable_hours_freetext"
YT3hsdwuSD09O8p1LyFK,"The Healing Place Pantry",St. Clair,orange,"(205) 515-3645","",33.8668927,-86.2886107,"unparseable_hours_freetext"
YVJGYBKc6UHV30vdA6CU,"Matt Miller Food Pantry",Lamar,orange,"(205) 712-3327","",33.5623671,-88.0818311,"unparseable_hours_freetext"
YVLtMWbOBCTJ75CZgstt,"Christ Episcopal",Marshall,grey,"","",34.264592522979,-86.19752283452,"missing_phone; unparseable_hours_freetext"
YeYoVtXpW4hCNVsyLxXv,"Community Life Church",Randolph,orange,"(334) 863-5433","",33.170895118257,-85.370545585521,"unparseable_hours_freetext"
Yj2dtwlhEKsrZzHsPzng,"St. Vincent De Paul",Marshall,grey,"","",34.352702767586,-86.297970238491,"missing_phone; unparseable_hours_freetext"
YkqNmR25pYl2OOjRHeue,"St. Luke Christian Church",Madison,grey,"","",34.745047801042,-86.646167198122,"missing_phone; unparseable_hours_freetext"
YpNf7vFGyGakRow2W6JM,"Calvary Hope Center Food Bank",Barbour,orange,"(850) 363-1283","",31.7096977,-85.6102997,"unparseable_hours_freetext"
Yt7BaEZBz3gycAEzAZBc,"Christ The King Parish",Covington,orange,"(334) 222-4808","",31.31108922,-86.45725358,"unparseable_hours_freetext"
YvEuQYyxdCyUPRwbyCkI,"IV Vets",Sumter,orange,"(205) 609-7193","",32.5016858,-88.2835412,"unparseable_hours_freetext"
YvsUUbT12YoGkjawbg0T,"Woodlawn Community Table",Jefferson,orange,"(205) 595-3776","",33.5402303,-86.7544626,"unparseable_hours_freetext"
Z3YmWnGzD3FT9yp6064y,"Daleville Christian Fellowship",Dale,orange,"(334) 598-6279","",31.313737662764,-85.712677764102,"unparseable_hours_freetext"
Z64sjanGt1gjquuM9rhf,"Pensacola Caring Hearts Inc.",Escambia,orange,"(850) 375-1838","",31.12545625,-87.0632181,"unparseable_hours_freetext"
Z8ESJdn9FarvjtdbQqMG,"Hanceville First UMC",Cullman,grey,"","",34.061514939576,-86.761368107406,"missing_phone; unparseable_hours_freetext"
ZIDkaR7XO2csWRO4nMjC,"Vise Grove SDA Pantry",Cleburne,orange,"(678) 673-9444","",33.5204664,-85.5393242,"unparseable_hours_freetext"
ZLnPOzXJQAwSYAYWetkZ,"Joseph Ministries",Butler,orange,"(334) 437-3611","",31.8284355,-86.6230327,"unparseable_hours_freetext"
ZNR31EFedYki9BoVyxRq,"Jesus Said Feed the Hungry Soup Kitchen",Jefferson,orange,"(205) 200-7336","",33.500542,-86.7984156,"unparseable_hours_freetext; placeholder_coords_repeated_x2"
ZQ4mDUtvlxrsTyofNxWe,"Hartselle-Decatur SDA Hispanic Church",Morgan,grey,"","",34.461113833933,-86.9585344678,"missing_phone; unparseable_hours_freetext"
ZQ8uoYSqTyVDM5WWnwHc,"Braxton Senior Care Facility, Inc.",Marengo,orange,"(334) 289-2421","",32.514151152027,-87.832749920579,"unparseable_hours_freetext; missing_zip; coords_outside_county_bounds"
ZTVrMXgVRIutgcTnHmqt,"Community Pantry of Hamilton",Marion,orange,"(205) 412-2455","https://www.feedingamerica.org/find-your-local-foodbank",34.1413197,-87.9869116,"unparseable_hours_freetext; website_is_directory_listing"
ZW2Pb1iqEvVYYhns8gQY,"Evergreen Presbyterian Church",Houston,orange,"(334) 792-7898","",31.240298544851,-85.41754447928,"unparseable_hours_freetext"
ZfKXgRQvpMF89fUTQFvw,"Anointed Warrior Hill Baptist Church",Autauga,orange,"(334) 819-9763","",32.0785972,-86.0626529,"unparseable_hours_freetext; coords_outside_county_bounds"
Zq50GneRbyORZFx5d5eX,"Pickens County Food Pantry",Pickens,orange,"(205) 367-1243","",33.264,-88.0937,"unparseable_hours_freetext; missing_zip"
ZrJSzvhZeEKdOjFCMAmf,"Community Action Agency of South Alabama",Baldwin,orange,"(251) 626-2646","",30.61040002,-87.88501,"unparseable_hours_freetext"
aAlF3lGtSrbuWy7tNbsD,"Crossroads Community Outreach",Lauderdale,grey,"","",34.7998,-87.6773,"missing_phone; unparseable_hours_freetext"
aGFJlw4NhfllxrXVQnzK,"Lord's House of Prayer",Henry,orange,"(334) 618-0480","",31.560846046074,-85.249912429895,"unparseable_hours_freetext"
aMZnk2EYwUFilGRN5CHB,"Triumph Youth & Adult Community Development Corporation Pantry",Jefferson,orange,"(205) 238-8590","",33.4047671,-86.9693198,"unparseable_hours_freetext"
aPPZ3vCsED97JrgrI071,"Dalraida Global Methodist Church",Montgomery,orange,"(334) 272-2190","",32.33335163467039,-86.31827650840614,"unparseable_hours_freetext; missing_street"
aTUcV8wU9sXLLiLrKaA6,"Saraland United Methodist Church",Mobile,orange,"(251) 675-2728","",30.80940899,-88.08239603,"unparseable_hours_freetext"
aUMsEYlhjCPsgEg4YkjV,"High Praise Worship Church",Mobile,orange,"(251) 452-4996","",30.76308698,-88.08934203,"unparseable_hours_freetext"
aW9ZiviFPvIIx7VVjS1L,"Coosa Community Services Pantry & Soup Kitchen",Clay,orange,"(256) 276-4177","",33.3090209,-85.7537078,"unparseable_hours_freetext"
adU557wFcL1njkhtbhNe,"Friendly Holiness Church",Escambia,orange,"(251) 368-9229","",31.12113498,-87.522243,"unparseable_hours_freetext; coords_outside_county_bounds"
aeijlgFYSP33lr6pzizB,"New Hope Baptist Church",Fayette,orange,"(205) 242-4746","",33.5374133,-87.6864268,"unparseable_hours_freetext; coords_outside_county_bounds"
amUedi5fHK9EcySwDO3e,"Children of the Village Network",Sumter,orange,"(205) 657-3173","",32.4490002,-88.1331964,"unparseable_hours_freetext; missing_street"
aqOq7LYitaHBWPC1vdgR,"Pike County Salvation Army",Pike,orange,"(334) 808-1069","",31.8043,-85.9641,"unparseable_hours_freetext; missing_zip"
av21xMxb0AfruFbJJ67E,"Little Flock Primitive Baptist Church",Madison,grey,"","",34.752965524812,-86.430039170654,"missing_phone; unparseable_hours_freetext"
b2FwD4J1din8pYCaeV25,"Auburn United Methodist Church (Good News Center)",Lee,orange,"(334) 826-8800","",32.606478402235,-85.477843017506,"unparseable_hours_freetext"
b70BOK2Y4mG8YmrlRDTk,"Empowerment Tabernacle Christian Center",Monroe,orange,"(251) 267-3822","",31.43599401,-87.39670899,"unparseable_hours_freetext; duplicate_name_x2"
b74yLDJilL9q0y2CtPdG,"Southeast Alabama Baptist Assoc",Houston,orange,"(334) 699-2855","",31.208099963372,-85.364053555769,"unparseable_hours_freetext"
bCmyKCmcPVIvSHEqBVHU,"Central Baptist",Marengo,orange,"(334) 992-2351","",32.058450080529,-87.783643800752,"unparseable_hours_freetext; missing_zip; duplicate_name_x2"
bGpv9UKJn4p8cbN2AxEJ,"Carrville Baptist Church",Tallapoosa,orange,"(334) 283-2221","",32.551529392657,-85.862666367911,"unparseable_hours_freetext"
bIoQwniwiRqtt8UkA1R3,"Coffee County Community Church",Coffee,orange,"(334) 475-3525","",31.3238,-85.8552,"unparseable_hours_freetext"
bN0oYTGWFitfvf3lLKte,"Jehovah New Covenant Of Jesus",Geneva,orange,"(334) 333-8858","",31.098744954695,-85.703958150538,"unparseable_hours_freetext"
bQXugcZH2i15OSSkUFnx,"The Open Door",Clarke,orange,"(251) 843-5644","",31.82278155,-88.09955965,"unparseable_hours_freetext; duplicate_name_x2"
bTIzJ11unpUSasxDXpWn,"Morris Chapel",Madison,grey,"","",34.792840443562,-86.587007763803,"missing_phone; unparseable_hours_freetext"
bZQFU9HRPoFsDcjNJhLv,"Red Door Kitchen Soup Kitchen",Talladega,orange,"(256) 493-0203","",33.4312439,-86.1100391,"unparseable_hours_freetext"
bivszCHo6eFwjkL0TVw4,"Living Word Ministries",Jackson,grey,"","",34.6725,-86.0347,"missing_phone; unparseable_hours_freetext; placeholder_coords_repeated_x3"
bvR8CxDhs7urfaechvTo,"CSFP - CJFS",Jefferson,orange,"(205) 879-3438","",33.4674142,-86.7315816,"unparseable_hours_freetext"
cA6OLLGL6X4xesqQzER4,"First Baptist Church of Satsuma",Mobile,orange,"(251) 675-1280","",30.85516036,-88.05497245,"unparseable_hours_freetext"
cJvTLcOf2zY3qiwYNjf9,"Etowah Baptist Missions Center Pantry",Etowah,orange,"(256) 546-2980","",34.0209779,-86.0453209,"unparseable_hours_freetext"
cL1GrUGWS9wlvXewzsub,"The Veterans Closet",Mobile,orange,"(888) 213-8505","",30.74997199,-88.11432303,"unparseable_hours_freetext"
cLfKu1f9M1bETO8bMtRf,"Salvation Army - Decatur",Morgan,grey,"","",34.578106191223,-86.985851531597,"missing_phone; unparseable_hours_freetext"
cQXW2C3txHIDR5BNyHs1,"Oak Grove FCM Church",Lawrence,grey,"","",34.543905835264,-87.128256075198,"missing_phone; unparseable_hours_freetext"
cYhX5GqrBI6FFra5evSL,"Mount Pleasant Baptist Church Pantry",Shelby,orange,"(205) 515-9626","",33.3007808,-86.8418496,"unparseable_hours_freetext"
ci3kyAi6l0lRYjDjZgeU,"Community Enabler Developer Pantry",Calhoun,orange,"(256) 237-6144","",33.6406475,-85.8271547,"unparseable_hours_freetext"
ckuEbMMU3yHJV8CIrsnr,"The Harbour",Madison,grey,"","",34.859725071314,-86.573098285466,"missing_phone; unparseable_hours_freetext"
ctVFI2HinlFpkkO54RRL,"Huntsville Central SDA Church (new)",Madison,grey,"","",34.763220074163,-86.577851590431,"missing_phone; unparseable_hours_freetext"
cu4tCi59oV8DWXsJ2hH9,"Vine Church",Pike,orange,"(304) 457-9941","",31.8306505,-85.9939218,"unparseable_hours_freetext"
d2C7hS1mivXcn0W5znE5,"Southside Bapt. Ch. - Greenville - Shepherd's Table",Butler,orange,"(334) 525-0085","",31.8268881,-86.6300283,"unparseable_hours_freetext"
d73VR2Fm5eaFV3aV4MGc,"New Dimensions Worship Center",Tuscaloosa,orange,"(205) 333-3230","",33.2308386,-87.5839905,"unparseable_hours_freetext"
d7XGte15gRerd0zjV3aq,"Salvation Army City Command Pantry",Jefferson,orange,"(205) 328-2420","",33.5448755,-86.8238442,"unparseable_hours_freetext"
dE8hhM1QsTx6jEhh37YT,"The Sanctuary Pantry",Talladega,orange,"(313) 575-5828","",33.111626,-86.2335574,"unparseable_hours_freetext"
dEOqoQ0yb70iUrbRF9J3,"Shepherd's Supply, Inc. Pantry",St. Clair,orange,"(205) 441-2340","",33.6075232,-86.4574144,"unparseable_hours_freetext"
dGQ5qqKGw7276Ig1TvOs,"Lusk Assembly of God",Choctaw,orange,"(205) 691-1019","",31.95900269,-88.28517929,"unparseable_hours_freetext"
dMqbdUlriXrx7VLZFGsK,"Mt. Liberty/Turning Point Missionary Baptist Pantry",Calhoun,orange,"(256) 283-8515","",33.6607853,-85.8785775,"unparseable_hours_freetext"
dPOsK6JCg1nVKnszT5rC,"MOWA Band/Choctaw/Mobile",Mobile,orange,"(251) 829-5500","",31.13983199,-88.06332301,"unparseable_hours_freetext; coords_outside_county_bounds"
dPyaXY5C5aC5jCBeEqIJ,"Pleasant View Baptist Church",Jackson,grey,"","",34.6725,-86.0347,"missing_phone; unparseable_hours_freetext; placeholder_coords_repeated_x3"
ddRCa57XLfPHNrTV7fzH,"Gardendale First Baptist Church Pantry",Jefferson,orange,"(205) 531-4008","",33.6492771,-86.8125532,"unparseable_hours_freetext"
deXnjaqKhQO5t3qXiFPq,"Word of Truth Family Church",Dale,orange,"(334) 655-7770","",31.407157146106,-85.598614503561,"unparseable_hours_freetext"
dfo3xYGagqFETPBGFPhb,"New Life in Christ Church",Baldwin,orange,"(251) 943-2225","",30.41746499,-87.68231304,"unparseable_hours_freetext"
dkjWqqxcr9DU5kDCDGhq,"Pilgrim Baptist Church",Chambers,grey,"","",32.870826785172,-85.198667101277,"missing_phone; unparseable_hours_freetext"
drMagrPseDUyYXsPeoz2,"Trinity Episcopal Church",Chilton,orange,"(205) 217-6955","",32.8377213,-86.6282288,"unparseable_hours_freetext; duplicate_name_x2"
dtmPv0mmlsgIFtLmswWi,"Athens SDA Church",Limestone,grey,"","",34.806344540963,-86.951887936321,"missing_phone; unparseable_hours_freetext"
dx8Etr6nMkDjw159PXgf,"The Community Kitchens of Birmingham Soup Kitchen",Jefferson,orange,"(205) 251-3569","",33.4955872,-86.8078857,"unparseable_hours_freetext; placeholder_coords_repeated_x2"
dyvvjbJeCVTjDhJkgk2J,"Oasis Christian Center",Madison,grey,"","",34.884458128088,-86.568880059722,"missing_phone; unparseable_hours_freetext"
e0fX6SK7qJg4TmhmpHki,"Holy Rosary Food Pantry",Jefferson,orange,"(205) 266-3065","",33.5415291,-86.7272021,"unparseable_hours_freetext"
e2cGcfjxYlFEYoebr6zV,"Wilcox County Food Bank",Wilcox,orange,"(334) 682-9515","",31.9929,-87.2913,"unparseable_hours_freetext; missing_zip"
eLL81j4Dz47WAlpEWQFB,"Five Points CDC",Dallas,orange,"(334) 996-0077","",32.242650650344,-87.229587079846,"unparseable_hours_freetext; missing_zip"
eOPIBJ8AjzO6lZUQYOc1,"Restoration Place",Dallas,orange,"(334) 872-8657","",32.433201256853,-87.050229305348,"unparseable_hours_freetext; missing_zip"
eQfWXeaYiOFLpjYPdY80,"New Life Christian Church",Dallas,orange,"(334) 412-4915","",32.42446987353,-87.033479722753,"unparseable_hours_freetext; missing_zip"
eV7xKVWaleFz9hpqbOQd,"Rainbow Church of Christ Pantry",Etowah,orange,"(256) 390-5592","",33.9722815,-86.0190632,"unparseable_hours_freetext"
eY2NvipHsJbUnIUtfwjS,"Catholic Social Services of West Alabama",Tuscaloosa,orange,"(205) 759-1268","",33.1769765,-87.5295398,"unparseable_hours_freetext"
eeug3pY8BaCL2TVBzw7B,"Rosalie Baptist Ch.",Jackson,grey,"","",34.699309417877,-85.769601601303,"missing_phone; unparseable_hours_freetext; coords_outside_county_bounds"
emGjWDrANvk8jKcvwA3Q,"Jacksonville Christian Outreach Center Pantry",Calhoun,orange,"(256) 282-8184","",33.8164003,-85.7628323,"unparseable_hours_freetext"
ezsvABjMcOwxOJBWBkiO,"Grace Temple Holiness Church",Mobile,orange,"(251) 478-9200","",30.69795302,-88.112261,"unparseable_hours_freetext"
f54kwZLzYLwAVzdrlhqu,"The Well Family Worship Center",Jackson,grey,"","",34.627491195969,-86.0512892105,"missing_phone; unparseable_hours_freetext"
fF8IZw1Jqna7ZGAg4Y5s,"Ellwood Community Church - Circle of Love",Dallas,orange,"(334) 875-4888","",32.423932166873,-87.048091937053,"unparseable_hours_freetext; missing_zip"
fFl5KZP1sh2pCb1Jlnyc,"Parkside Outreach Program",Cullman,grey,"","",34.269436310749,-86.606444866661,"missing_phone; unparseable_hours_freetext"
fOg80rscXG8J1WpVdfj0,"Life Changers Christian Church Pantry",Jefferson,orange,"(205) 566-1367","",33.5705045,-86.8909357,"unparseable_hours_freetext"
fSQIzHG841BwvVVUyGiA,"Tillmans Corner Senior Service Center",Mobile,orange,"(251) 661-6600","",30.59604299,-88.17803304,"unparseable_hours_freetext"
fTXTRLmIjhCqUzYNrTv6,"New Hope Baptist Pell City Pantry",St. Clair,orange,"(205) 201-2751","",33.6288538,-86.2767995,"unparseable_hours_freetext"
fXsR0fkmvVfCjhUwTj6S,"James B and Vah's Emporium CDC, Inc Pantry",Jefferson,orange,"(205) 249-3851","",33.5925276,-86.9281315,"unparseable_hours_freetext"
fcgAi8Z1FlBOvVtXtvIP,"Overcoming Church of God Pentecostal, Inc.",Mobile,grey,"","",30.74698899,-88.07562303,"missing_phone; unparseable_hours_freetext"
flgdx9zu7zDOvZS7oiWn,"All Saints Interfaith Center Pantry",Calhoun,orange,"(256) 236-7793","",33.66443,-85.8294654,"unparseable_hours_freetext"
frAwRVm742OSYMzqjplO,"Bethel Baptist Church Pantry",St. Clair,orange,"(205) 243-5424","",33.6236346,-86.4513646,"unparseable_hours_freetext"
fsU8P1asuccD96N5UgCy,"Old Elam Baptist Church",Butler,orange,"(334) 368-0569","",31.7657972,-86.6780371,"unparseable_hours_freetext"
fwC1kLdfrVsxuawDe4Yn,"Committee on Church Cooperation",Morgan,grey,"","",34.604508839902,-86.986592345603,"missing_phone; unparseable_hours_freetext"
fwnaynoPRdfgERiwF3M7,"Little Indian Creek Primitive Baptist Church",Madison,grey,"","",34.782215425269,-86.687432237874,"missing_phone; unparseable_hours_freetext"
g148FF4SNzYodex4gAqA,"Union Hill Baptist Church Pantry",Blount,orange,"(205) 274-9232","",33.9981098,-86.4094976,"unparseable_hours_freetext"
g7lvRaWTtPv7ecoVPOZL,"Cahaba Medical Care Foundation",Perry,orange,"(205) 277-2409","",32.6368,-87.3195,"unparseable_hours_freetext; missing_zip; placeholder_coords_repeated_x6"
g9LkrhKCptxJst6zIqnk,"Greater Morning Star Baptist Church",Mobile,orange,"(251) 479-7891","",30.70330901,-88.08132298,"unparseable_hours_freetext"
gHtSW8P5DnJV9BfLFa1W,"Ministries of Deliverance Pantry",Jefferson,orange,"(205) 425-8340","",33.41412,-86.9543985,"unparseable_hours_freetext"
gKd7vVc5hkhaGV7FgzFd,"Piedmont Benevolence Center Pantry",Calhoun,orange,"(256) 447-2220","",33.9067797,-85.60863,"unparseable_hours_freetext"
gMlD4JYqpcUUdNr2qezh,"Holy Redeemer Catholic Church",Barbour,orange,"(334) 687-3716","",31.892804700527,-85.151547964327,"unparseable_hours_freetext"
gXlXs7HyRhJ0OMKBwo6z,"Clanton Seventh Day Adventist Church",Chilton,orange,"(334) 201-9118","",32.8387662,-86.6510787,"unparseable_hours_freetext"
gfTo8r2INjcUs775RiXp,"St. Andrew Episcopal Church",Mobile,orange,"(251) 479-0336","",30.58993698,-88.08618096,"unparseable_hours_freetext"
gp5Ey0QGTItc6kpFJQrA,"Shady Grove Baptist Church",Dallas,orange,"(334) 875-6760","",32.469624539341,-86.891475638894,"unparseable_hours_freetext; missing_zip"
gpv4YihktoWRrgbpyoCf,"Sardis Missionary Baptist Church",Henry,orange,"(334) 693-5318","",31.353132434037,-85.240647070261,"unparseable_hours_freetext"
gvFAHeqJNhKelBuwtGAB,"Grace Episcopal Church Pantry",Jefferson,orange,"(205) 458-9534","",33.5426916,-86.7502248,"unparseable_hours_freetext"
gzw8c4hQHsCV6dFA5LEX,"Spring Hill A.M.E. Zion Church (Prattville)",Autauga,orange,"(205) 217-1334","",32.4314654,-86.4693292,"unparseable_hours_freetext"
gzwZ0zOiG8CvaYx8gpPQ,"Montevallo Falcon Food Pantry",Shelby,orange,"(205) 665-6245","",33.102829,-86.8657471,"unparseable_hours_freetext"
h2VNgXnOVZ1isqHE0MFp,"Turning Point Church",Baldwin,orange,"(850) 207-0765","",30.514618,-87.47292304,"unparseable_hours_freetext; coords_outside_county_bounds"
hCvzeGTMEYlRLNILqhtb,"Bowen United Methodist Church",Macon,orange,"(334) 727-4239","",32.4120795,-85.7152475,"unparseable_hours_freetext"
hD34EJ5heWbEvicYixMw,"St. Pius X Church",Mobile,orange,"(251) 471-2449","",30.67844799,-88.11387603,"unparseable_hours_freetext"
hDb7I4bj2gqE6h8hrtBG,"Grace Methodist Food Pantry",Lamar,orange,"(205) 712-1763","",33.7487064,-88.120914,"unparseable_hours_freetext"
hE3oehY5SDBQhIugykz5,"Palmerdale Methodist Church Pantry",Jefferson,orange,"(205) 681-3940","",33.7304472,-86.6539997,"unparseable_hours_freetext"
hGsyQUDjcx4108Y8RXdS,"I.J. Community Development Pantry",Jefferson,orange,"(205) 240-6872","",33.3990883,-86.9710042,"unparseable_hours_freetext"
hUuv6bgPA5dtPFP2kZmQ,"Community Bs Auxiliary Client Choice Senior Grocery Program",Winston,orange,"(205) 893-5250","",34.0521919,-87.5530414,"unparseable_hours_freetext; coords_outside_county_bounds"
hWLRNMzPUCApa5yNXkWb,"Greater Miracle Temple",Mobile,orange,"(251) 604-1057","",30.74001601,-88.09750801,"unparseable_hours_freetext"
hWvnpfTislQjuxdTPyt0,"CSFP - Princeton Towers",Jefferson,orange,"(205) 777-3833","",33.4971959,-86.8484074,"unparseable_hours_freetext"
hsq0epGqeS4UOQZJlWCf,"Redeemed Christian Church of God Pantry",Jefferson,orange,"(205) 240-3096","",33.5028703,-86.8307142,"unparseable_hours_freetext"
hwgEQDg3p4vBout0cNKF,"Judson Baptist Assn.",Henry,orange,"(334) 585-3274","",31.555099590361,-85.266398195681,"unparseable_hours_freetext"
hwuJMs5m7WmqT446UT7Z,"Faith Chapel",Madison,grey,"","",34.777841908711,-86.616666208986,"missing_phone; unparseable_hours_freetext"
hxCYjybgCbTb9DUBZrAt,"Northern Heights Baptist Church",Covington,orange,"(334) 493-6625","",31.28697078,-86.26426701,"unparseable_hours_freetext"
i3oadY0dFeDrDbIbfNdb,"New Life Pentecostal Church Pantry",Shelby,orange,"(205) 296-2264","",33.1617303,-86.634731,"unparseable_hours_freetext"
iAU9rLe5rCxpWqJ6b5Kp,"Wadley Cooperative Parish",Randolph,orange,"(334) 646-2365","",33.122670205319,-85.567353365525,"unparseable_hours_freetext"
iBiX50oXUaxRdqRL39jF,"UAB Blazer Kitchen Pantry",Jefferson,orange,"(205) 934-1581","",33.4979016,-86.8015061,"unparseable_hours_freetext"
iRkdjtaehedtIdCGRRDW,"Build-A-Bridge Pantry",Shelby,orange,"(205) 960-0026","",33.3712671,-86.4161316,"unparseable_hours_freetext; coords_outside_county_bounds"
iUvTO8Ihlhfws3bNWX31,"Demopolis Food Pantry",Marengo,orange,"(334) 289-3363","",32.5173,-87.8364,"unparseable_hours_freetext; missing_zip; coords_outside_county_bounds"
iZrA0yCLhvzJtdZoNau1,"Spirit Life Church of God",Cullman,grey,"","",34.194217814944,-86.867405482635,"missing_phone; unparseable_hours_freetext"
ijhI3i1iQBkLiXbLmDA6,"Little Sisters of the Poor",Mobile,orange,"(251) 476-6335","",30.683217,-88.07851697,"unparseable_hours_freetext"
ik9BivtNXgDL01pIHheM,"YWCA/Interfaith Hospitality House Pantry",Jefferson,orange,"(205) 591-4302","",33.5427514,-86.7475155,"unparseable_hours_freetext"
ilnj43kdo2ij7Vm4IJAv,"The Shoulder",Baldwin,orange,"(251) 626-2199","",30.67962699,-87.834115,"unparseable_hours_freetext"
ipPgUnWXQjA73XXjEOCs,"First UMC Scottsboro",Jackson,grey,"","",34.658187976807,-86.035005027306,"missing_phone; unparseable_hours_freetext"
j28X6oP4qvWXQMCMS6ba,"Yorktown Missionary Baptist Church",Mobile,orange,"(251) 452-8108","",30.73416971,-88.05869392,"unparseable_hours_freetext"
j2n4Jh1otodx2YqesFI7,"Christian's Place Mission Pantry",Walker,orange,"(205) 529-6123","",33.9907184,-87.4854948,"unparseable_hours_freetext; coords_outside_county_bounds"
j2pvycOWHhj3ZlOVgxvN,"Maranatha SDA- I Care Food Bank",Tuscaloosa,orange,"(973) 600-7459","",33.1883317,-87.5843695,"unparseable_hours_freetext"
j48X4ldOO9cbe1HygiYE,"Holy Name of Jesus",Mobile,orange,"(251) 649-4794","",30.736829,-88.27764701,"unparseable_hours_freetext"
j9ci9UOilxKZYZoRTiDh,"Urban Ministry, Inc. Pantry",Jefferson,grey,"","",33.4923227,-86.8519843,"missing_phone; unparseable_hours_freetext"
jB6aLpcp1AlEsxYi5tAH,"Samuel Chapel African Methodist Episcopal Church",Mobile,orange,"(251) 456-7588","",30.728459,-88.08831298,"unparseable_hours_freetext"
jHYXIcwmJJFo82JjXmvq,"Life Family Worship Center",Madison,grey,"","",34.792925727876,-86.583304839473,"missing_phone; unparseable_hours_freetext"
jNPpcjWlUnNULx0NNdlr,"Emergency Food Boxes Food Bank",Jefferson,grey,"","",33.4745329,-86.8386833,"missing_phone; unparseable_hours_freetext"
jRg06nrWWd7woVjwtSfG,"Westgate Church of Christ",Houston,orange,"(334) 793-2280","",31.240029689855,-85.434954423214,"unparseable_hours_freetext"
jSx0lAMj9XtK7DNQalIa,"Pleasant Grove Baptist Association-Christian Ministry Center of Brookwood",Tuscaloosa,orange,"(205) 999-3870","",33.2756591,-87.2935841,"unparseable_hours_freetext"
jVRmWvi5kB46wu0vBXcE,"Home of Grace For Women, Inc",Mobile,orange,"(251) 456-7807","",30.768289,-88.10447799,"unparseable_hours_freetext"
jVlsqAjTRhtoaNaZX86Z,"Forest UMC Food Pantry",Pickens,grey,"","",33.4560483,-88.2277651,"missing_phone; unparseable_hours_freetext"
jegWdv7vUoagvFBFIleK,"Johns Chapel AME Church",Coffee,orange,"(334) 393-2661","",31.303584267892,-85.853394835045,"unparseable_hours_freetext"
jgJYxtSvNTFDHoikN6QT,"House Of Rescue Church Ministries",Mobile,grey,"","",30.67763302,-88.09102897,"missing_phone; unparseable_hours_freetext"
jtLnyfAjFmAa5ZLyyyMz,"African Universal Church",Baldwin,orange,"(251) 626-6056","",30.59780901,-87.87959496,"unparseable_hours_freetext"
k2FK9DvaNw5gzqwm30iR,"Redeemed Community Church",Mobile,orange,"(251) 639-1900","",30.72871699,-88.18834002,"unparseable_hours_freetext"
k3iWcSupS69sDUjK92bP,"Sandridge Missionary Baptist Church",Dallas,orange,"(334) 267-1015","",32.4074,-87.0211,"unparseable_hours_freetext; missing_zip; placeholder_coords_repeated_x2"
kGeO8mLSkoEG26nmNUl5,"Zion Star A.M.E. Zion Church",Escambia,orange,"(251) 446-3598","",31.030191,-87.48650801,"unparseable_hours_freetext; coords_outside_county_bounds"
kU9jpgH9E2GMY2g27eAO,"Reform Methodist Church",Pickens,orange,"(205) 242-9701","",33.3874309,-88.009379,"unparseable_hours_freetext"
kUNdY8TIxugsdHpGgxbo,"Northside Bible Church",Mobile,orange,"(251) 457-2464","",30.744559,-88.16003299,"unparseable_hours_freetext"
kX2JVN9uetrUHJEhYj9R,"Mission of Hope Pantry",Walker,orange,"(205) 999-3385","",33.7511589,-87.0817647,"unparseable_hours_freetext"
kb4ppv4zyjT7bknxp5vw,"Grace Independent Baptist",Barbour,orange,"(334) 687-5397","",31.856017206043,-85.177946116147,"unparseable_hours_freetext"
kbCYjLT7BGJq4LTRmwjU,"Pleasant Grove Missionary Baptist",Mobile,orange,"(251) 456-6486","",30.74369901,-88.09106099,"unparseable_hours_freetext"
kcj0GTAe97bm5zZ2pa5J,"FMC Food Bank",Barbour,orange,"(334) 775-0031","",31.8779,-85.4502,"unparseable_hours_freetext; missing_zip"
kljcW1mnQQZR6Gz0J8zQ,"Early Rose Missionary Baptist Church",Tallapoosa,orange,"(256) 794-0952","",32.9547179,-85.9555075,"unparseable_hours_freetext"
ksSvlZxRkABKZjtbLUSK,"Argo Community Food Bank Pantry",St. Clair,orange,"(205) 352-2123","",33.6897651,-86.5107082,"unparseable_hours_freetext"
ksY7WuTnVOYQpmFuEi7S,"Salem Church of Christ",Lauderdale,grey,"","",34.955618687504,-87.669088987594,"missing_phone; unparseable_hours_freetext"
kuG0xfCYmDwCboAOQjPJ,"First UMC - Clanton (Chilton Bread of Life FP)",Chilton,orange,"(205) 389-2141","",32.8579776,-86.6226781,"unparseable_hours_freetext"
kyczUFqTWlHEYyG7dsws,"Ebenezer Missionary Baptist Church",Limestone,grey,"","",34.783746610812,-86.983424385876,"missing_phone; unparseable_hours_freetext"
kzJlxkXIIQg92Nf71XcV,"Limestone County Churches Involved",Limestone,grey,"","",34.804610502079,-86.972155243517,"missing_phone; unparseable_hours_freetext"
l5ZbUWsCpusbQPsIrcaf,"Bethel Apostolic Holiness",Marion,orange,"(205) 717-6532","https://www.feedingamerica.org/find-your-local-foodbank",33.9208754,-87.7885193,"unparseable_hours_freetext; coords_outside_county_bounds; website_is_directory_listing"
l9uMoQqn2PWxGBPI1usb,"Authentic Life Church",Mobile,orange,"(251) 342-4886","",30.66505501,-88.14031196,"unparseable_hours_freetext; placeholder_coords_repeated_x2; duplicate_address_x2"
lF2S5ULgwKaCefIdE0lO,"Opp Church of Christ",Covington,orange,"(334) 493-3728","",31.28274799,-86.24133448,"unparseable_hours_freetext"
lO6I1NYhVvi3zXZTQOlK,"Living Hope Community Center",Houston,orange,"(334) 671-2376","",31.226773254386,-85.395925321121,"unparseable_hours_freetext"
lc0NWxItcWQgMY7u1f9x,"East Lake United Methodist Church Pantry",Jefferson,orange,"(205) 370-3193","",33.5614806,-86.7249762,"unparseable_hours_freetext"
lc2E8uuzI39mtTN0uxqN,"St. Catherine's Episcopal Church Pantry",Shelby,orange,"(205) 529-9438","",33.3274448,-86.6389115,"unparseable_hours_freetext"
lhfBVveG6S0uQvem9o6V,"Family Worship Center Pantry",Jefferson,orange,"(205) 623-7289","",33.5647398,-86.7093028,"unparseable_hours_freetext"
lmnbc8JMEG59GXD9APax,"Red Hill Church of God Pantry",Blount,grey,"","",33.8624297,-86.9194853,"missing_phone; unparseable_hours_freetext"
lu802I6fGxSj0Ox5yG9o,"Shiloh A.M.E. Church",Barbour,orange,"(334) 775-3131","",31.937496431492,-85.550797663376,"unparseable_hours_freetext"
lwIx2QRrtGjJbyUPLknD,"Bread of Life",DeKalb,grey,"","",34.442073317235,-85.724404190944,"missing_phone; unparseable_hours_freetext; duplicate_name_x2"
m4ewTiaDJv6Px9ICMzdB,"Bethel Baptist Association",Marengo,orange,"(334) 295-8805","",32.306197711765,-87.795210469795,"unparseable_hours_freetext; missing_zip"
m7eM2yPOyB0Z52QiN8xN,"Serenity Care, Inc.",Mobile,orange,"(205) 255-3975","",30.65052402,-88.24602402,"unparseable_hours_freetext"
m8DmXILy1jesUr9SJDdE,"The Crossing Geneva",Geneva,orange,"(334) 360-4478","",31.03204109023,-85.863160827427,"unparseable_hours_freetext"
m90pN9U3ruzrr9Yvtxbf,"Friendly AOG",Barbour,orange,"(334) 775-7615","",31.751345971394,-85.370408951345,"unparseable_hours_freetext"
mFqABEg5wtjSrwksoUXo,"Wiregrass Elba Church of Christ",Coffee,orange,"(334) 897-2057","",31.420994656901,-86.068988914699,"unparseable_hours_freetext"
mKrMiuwgN9un8iAmFmD0,"Christian Service Center",Chambers,orange,"(334) 476-2605","",32.814820983973,-85.24106865994,"unparseable_hours_freetext; duplicate_name_x2"
mWT9lc2rwuJBynyKIZet,"Food Bank of East Alabama",Lee,orange,"(334) 821-9006","",32.6099,-85.4808,"unparseable_hours_freetext; missing_zip; placeholder_coords_repeated_x5"
mj0rd5G3CM9BIvxVcg9b,"Samaritan House Pantry",Talladega,orange,"(256) 368-7310","",33.4403761,-86.0854888,"unparseable_hours_freetext"
ml78dh2tvwfPzo8fHd8O,"Truevine Missionary Baptist",Mobile,orange,"(251) 473-6906","",30.71104899,-88.076826,"unparseable_hours_freetext"
mlxlvjsTfo3nJwfVUVKz,"First Baptist Church Gadsden Pantry",Etowah,orange,"(256) 547-6828","",34.0117182,-86.0067357,"unparseable_hours_freetext"
mpjPTuDk5KfbCkr1Vcs2,"Faith Community Outreach Ministry",Dallas,orange,"(334) 431-2411","",32.437403531612,-87.101554245354,"unparseable_hours_freetext; missing_zip"
mqmwEsqjaQrDBtg60L0O,"Crosspoint Christian Church",Dallas,orange,"(334) 872-0086","",32.399885168291,-87.061728438371,"unparseable_hours_freetext; missing_zip"
mrei5qENkTNOgyNJlUOu,"Excel Assembly of God",Monroe,orange,"(251) 765-2597","",31.459649,-87.34111904,"unparseable_hours_freetext"
mwn5VibXx7ZPjATxuZgY,"Providence Hospital Outreach - Senior and Guadalupe Center",Mobile,orange,"(251) 544-4480","",30.651255,-88.20853697,"unparseable_hours_freetext"
mxXCy5oPtPIP2C68ezai,"The Coleman's Redevelopment House Pantry",Jefferson,orange,"(205) 966-6273","",33.4844932,-86.85997,"unparseable_hours_freetext"
nGZ4OmM7rLFgBRRCu34N,"Community Life Center of Coosa County, Inc.",Coosa,orange,"(256) 935-0016","",32.8562177,-86.1226001,"unparseable_hours_freetext"
nJF5aMhYkT8RF8l7ME3i,"Labor of Love Association",Clarke,orange,"(251) 744-1520","",31.75579576,-88.08605876,"unparseable_hours_freetext"
nJcxtUIhG7yciGKMtuVe,"Tuskegee Islamic Community",Macon,grey,"","",32.416080309801,-85.682326757142,"missing_phone; unparseable_hours_freetext"
nO3fN5WWERi8gDDeSeTI,"Citronelle United Methodist Church",Mobile,orange,"(251) 866-7423","",31.095454,-88.23161704,"unparseable_hours_freetext; coords_outside_county_bounds"
nQGUc14d1cOV10K901xa,"Shoals Dream Center",Lauderdale,grey,"","",34.84654224027,-87.689484992799,"missing_phone; unparseable_hours_freetext"
nd5qh43KXRmFwVJwKSwM,"Waterstone Church Pantry",Jefferson,orange,"(205) 647-7475","",33.8116153,-86.8072364,"unparseable_hours_freetext; coords_outside_county_bounds"
nfz3UZFRfyYBxogGdN52,"New Life Church",Marshall,grey,"","",34.319456038419,-86.501803481273,"missing_phone; unparseable_hours_freetext"
nlPEC0LdAayJXvMpg3X2,"New Vision Apostolic Ch.",Madison,grey,"","",34.646326342299,-86.550923995949,"missing_phone; unparseable_hours_freetext"
nletOlwibjiFTgoymknV,"Crumly Chapel United Methodist Church Pantry",Jefferson,orange,"(205) 703-4542","",33.5686078,-86.9166187,"unparseable_hours_freetext"
nmQwj0OAQ2sFrlCoSsvC,"Friendship Missionary Baptist Church-Hayneville",Lowndes,orange,"(334) 312-3019","",32.1579047,-86.5500519,"unparseable_hours_freetext"
npb2fX2CRCZyGYVlevOY,"Christian Chapel Baptist Church",Marengo,orange,"(334) 289-0332","",32.514385020996,-87.84253137383,"unparseable_hours_freetext; missing_zip; coords_outside_county_bounds"
o3Uc9WohY0M7dxldP65e,"Sacred Heart Conference -SVDP Cullman",Cullman,grey,"","",34.17647242443,-86.839836057894,"missing_phone; unparseable_hours_freetext"
oC2N8mtgdU058gva3ASe,"CSFP - Project Hopewell",Jefferson,orange,"(205) 243-7070","",33.4461298,-86.9057153,"unparseable_hours_freetext"
oFeAozryUjMzdM3Dkl6I,"St. John's Episcopal Church",Morgan,grey,"","",34.600864749014,-86.984988055611,"missing_phone; unparseable_hours_freetext"
oHtPbBiamdFGJZJo0UaT,"Upper Sand Mountain Parish",DeKalb,grey,"","",34.54463025595,-85.81161018803,"missing_phone; unparseable_hours_freetext"
oISDLXUZR2YNajdw6MLu,"Underwood Baptist Church",Lauderdale,grey,"","",34.874030329267,-87.698036424831,"missing_phone; unparseable_hours_freetext"
oNAmVHQE9ulYSPGogIPt,"All Saints Kingdom Church",Montgomery,orange,"(334) 322-2198","",32.3134559,-86.2837003,"unparseable_hours_freetext"
oPsuEJ9kszaMZdPU6C2y,"Cahaba Medical Care",Bibb,orange,"(205) 926-2992","",32.9471937,-87.1488654,"unparseable_hours_freetext; duplicate_name_x2"
oYfLs0G09IullGtAaRr7,"Kingdom Ministries Pantry",Jefferson,orange,"(205) 496-4150","",33.6417287,-86.6830311,"unparseable_hours_freetext"
ofnPO4tIJndUZSvnzh12,"First Baptist Church Hayden Pantry",Blount,orange,"(205) 527-4353","",33.8912219,-86.7559487,"unparseable_hours_freetext"
oimPbl15aCaeokSc5q9u,"PATCH",Jefferson,orange,"(205) 987-9226","",33.5795692,-86.9329164,"unparseable_hours_freetext"
otHdlOlOYNHXSe85DnYW,"Present-Truth Tabernacle Ministries Pantry",Shelby,orange,"(205) 706-7685","",33.1110604,-86.8769808,"unparseable_hours_freetext"
otPvnhdG27BJvzsDKim5,"Ewell Bible BC",Dale,orange,"(334) 774-4127","",31.409454608203,-85.608276350734,"unparseable_hours_freetext"
ouwWtzJWxZKR9mK3AfjS,"Walnut Street Church of Christ",Butler,orange,"(334) 382-3001","",31.8285349,-86.6207871,"unparseable_hours_freetext"
ox2Y4ekE5Q6LEU2mnLAL,"Good Works",St. Clair,orange,"(205) 369-8516","",33.5966599,-86.2296995,"unparseable_hours_freetext"
oyMErtEpvdGkDI7vcWVI,"Rockford Baptist Church",Coosa,orange,"(256) 496-2548","",32.8895681,-86.2196936,"unparseable_hours_freetext"
p42kNfjf05gkoSjkWa51,"Shepherds Ministries, Inc",Montgomery,orange,"(334) 288-6650","",32.39710204416449,-86.29818902592466,"unparseable_hours_freetext; missing_street"
p8rnzRnXMyGFkIXsQ8tj,"Miracle Academy Pantry",Jefferson,orange,"(205) 923-3483","",33.4565146,-86.8897097,"unparseable_hours_freetext"
pB83lyW3RtFsuKbULaId,"Reaching Out Mission Outreach (St. Jude the Apostle)",Montgomery,orange,"(334) 277-0182","",32.38361849935784,-86.33100315506108,"unparseable_hours_freetext; missing_street"
pLSvavOCTaG8sXbXDziH,"St. Andrew's Chapel",Mobile,orange,"(251) 490-1095","",30.90623044,-87.98022191,"unparseable_hours_freetext"
pZaRDfwvTnYCfT1fzUMN,"Open Door Church Pantry",Jefferson,orange,"(205) 519-5474","",33.5394575,-86.9404425,"unparseable_hours_freetext; duplicate_name_x2"
pbI4itM3J02cgwjEIDNY,"Liberty Baptist Church",Clarke,grey,"","",31.81385445,-87.70031209,"missing_phone; unparseable_hours_freetext"
pcvw9uug44KDpWbjaP9X,"Ashland First Methodist Church - Clay Co. Food Bank Pantry",Clay,orange,"(256) 283-0757","",33.2728556,-85.833322,"unparseable_hours_freetext"
pfrEvrygjVTpt4iX23nf,"Good Shepherd UMC",Madison,grey,"","",34.772785981061,-86.785953099126,"missing_phone; unparseable_hours_freetext"
pfxuEqmmCsHhPhWpa8JG,"South Baldwin Christian Church",Baldwin,orange,"(251) 981-1000","",30.34137801,-87.69190403,"unparseable_hours_freetext"
piEKhBm1IuW8CUgwQHnl,"Pensacola Caring Hearts Inc. - Evergreen",Conecuh,orange,"(850) 375-1838","",31.40872402,-87.00027994,"unparseable_hours_freetext"
piaITQTCckZnkp030SAi,"Christian Community Church",Tuscaloosa,orange,"(205) 248-4400","",33.1575821,-87.5598065,"unparseable_hours_freetext"
pkJxbonxdTNaaZe9zl15,"Ward Chapel AME Church Pantry",Shelby,orange,"(205) 276-2735","",33.0994545,-86.8656207,"unparseable_hours_freetext; coords_outside_county_bounds"
pnzwmxIkmyOrgbWTGoaZ,"Huntsville Assistance Program (HAP)- Toney",Madison,grey,"","",34.92359949858,-86.713598127363,"missing_phone; unparseable_hours_freetext; coords_outside_county_bounds"
ptBovLQmoYp8lMvhftdh,"The One 2eight Project",Mobile,grey,"","",30.69175401,-88.19028504,"missing_phone; unparseable_hours_freetext"
q7wYd0iOiptBreTDzdTv,"CHOICE",Perry,orange,"(334) 231-7019","",32.6368,-87.3195,"unparseable_hours_freetext; missing_zip; placeholder_coords_repeated_x6"
qG2YufBV71IxAVyjNEsr,"Roanoke First Methodist Church",Randolph,orange,"(334) 863-2253","",33.15104735066,-85.370586785618,"unparseable_hours_freetext"
qTYArh2dUqswYXqgaoKS,"Watchman International Ministries",Mobile,orange,"(251) 232-1574","",30.69132498,-88.05116103,"unparseable_hours_freetext; placeholder_coords_repeated_x2; duplicate_address_x2"
qUwJl9yBkQ1jtkGrQafe,"St. Michael's Catholic Church",Lee,orange,"(334) 887-5540","",32.626194766339,-85.481847258792,"unparseable_hours_freetext"
qVfa2MU1UJsotLiCF5S3,"Love in Action Pantry",Shelby,orange,"(205) 410-3014","",33.3363642,-86.790016,"unparseable_hours_freetext"
qYUY7hjkGmjmcCx116EF,"Salvation Army - Houston County",Houston,orange,"(334) 792-1911","",31.209982562955,-85.398905192397,"unparseable_hours_freetext"
qeRBWGbd5JLMIuXqxIM4,"New Birth Community Church",Mobile,orange,"(251) 307-5628","",30.71764999,-88.169656,"unparseable_hours_freetext"
qjE9R0wnoadI5M4K8Bjw,"Jacob's Well Ministry",Jackson,grey,"","",34.80508084512,-86.123570642151,"missing_phone; unparseable_hours_freetext"
qnhF5Lbyt1wREI129RoX,"CSFP - Villa Maria",Jefferson,orange,"(205) 838-2313","",33.5658135,-86.7162338,"unparseable_hours_freetext"
qrkOtUnkTZqlyznjuhNh,"Blackbelt Central Alabama Housing",Wilcox,orange,"(334) 874-7907","",31.988943432259,-87.293187073713,"unparseable_hours_freetext; missing_zip"
qtBxYsGXGgGvvvRBJi37,"Shiloh Baptist Church",Geneva,orange,"(334) 588-3540","",31.0396,-85.8558,"unparseable_hours_freetext"
qulFWY0Yl1JjZzPA7sKa,"Progressive Union Missionary Baptist Church",Madison,grey,"","",34.747522161361,-86.629116022219,"missing_phone; unparseable_hours_freetext"
qz1T2MIZo9MfTgRM8wFB,"Prodisee Pantry",Baldwin,orange,"(251) 626-1720","",30.67708799,-87.86375903,"unparseable_hours_freetext"
r6foWhDK1rf0j70BYmEf,"Kennedy Church of God",Lamar,grey,"","",33.5875752,-87.9707321,"missing_phone; unparseable_hours_freetext"
rDDDgiJ7H6uSDahmRcZf,"Anniston Soup Bowl Soup Kitchen",Calhoun,orange,"(256) 236-6794","",33.6640021,-85.8344653,"unparseable_hours_freetext"
rFgJhgjLbZshvjJAnkdH,"Oak Mountain Missions Pantry",Shelby,orange,"(205) 527-8192","",33.3141495,-86.7989271,"unparseable_hours_freetext"
rHzzoV5XvbM3y4kfDy8e,"Wiregrass Inner Faith Help Center",Coffee,orange,"(334) 447-1948","",31.330779339912,-85.844189057576,"unparseable_hours_freetext"
rNDnewh0xGkw2gaGvVNe,"Good News Ministry Inc",Houston,orange,"(334) 405-9844","",31.229202449426,-85.394290797409,"unparseable_hours_freetext"
rS00RJkGnPG3GH7sd0QL,"Old Mount Pleasant Missionary Baptist Church",Montgomery,orange,"(334) 467-0793","",32.0264042,-86.0312689,"unparseable_hours_freetext; coords_outside_county_bounds"
rS6ATYS0nUwHWIE41y4n,"New Sister Springs Baptist Church",Dallas,orange,"(334) 875-9520","",32.32998921794,-86.949860093941,"unparseable_hours_freetext; missing_zip"
rU9Cv9RnZujiJZWvu7NB,"First United Methodist Church",Clarke,orange,"(251) 246-2224","",31.51151399,-87.89304498,"unparseable_hours_freetext"
rbyU30J2YMYNScJpHx6V,"Escambia County Community Enabled, Inc.",Escambia,grey,"","",31.10473902,-87.07013898,"missing_phone; unparseable_hours_freetext"
rcMz3KB391ZvhZvNxkIa,"St. Mark's Episcopal Church Pantry",Jefferson,orange,"(205) 919-7608","",33.4821896,-86.8376646,"unparseable_hours_freetext"
re1glXUF7rzQ9onYMA7u,"TOPS/Momma Tina's",Houston,orange,"(334) 714-3482","",31.230432562333,-85.397104068414,"unparseable_hours_freetext"
res_per_002,"Marion Resource Center",Perry,orange,"","https://hafb.org",32.6368,-87.3195,"missing_phone; missing_hours; placeholder_coords_repeated_x6; website_is_directory_listing"
ri8RdsTTFeiOVMtrCH61,"Chandler Springs Assembly Pantry",Talladega,orange,"(863) 677-1085","",33.3215827,-85.9988815,"unparseable_hours_freetext"
rkC3JdHNYPlPaHUegnxV,"Mt. Olive Missionary Baptist Church",Mobile,orange,"(251) 438-3166","",30.70001999,-88.06902597,"unparseable_hours_freetext"
rvYMMOkwnWtnGzamhIKg,"Oakwood Community Health Action Center",Madison,grey,"","",34.750490731434,-86.645559447311,"missing_phone; unparseable_hours_freetext"
rzRVXXuTBpAAvgY7TByA,"Faith Factory",Baldwin,orange,"(251) 401-5345","",30.40419401,-87.71846201,"unparseable_hours_freetext"
s4rUuybiyNhHSRMgNiRb,"Freedom Rain, Inc. (Lovelady) Residential & Pantry",Jefferson,orange,"(205) 601-5034","",33.5640566,-86.7232469,"unparseable_hours_freetext"
sBX8Md7IPO7ps0l2y0oW,"Coaling Baptist Church",Tuscaloosa,orange,"(205) 556-2775","",33.1577827,-87.3407088,"unparseable_hours_freetext"
sHhSMmc2mrApjr61qnRZ,"Emmanuel Seventh-Day Adventist Church",Mobile,orange,"(251) 479-1215","",30.71394799,-88.07851797,"unparseable_hours_freetext"
sN4893yPxYlqxXPiDw2J,"Rising Star Primitive Baptist Church",Dallas,orange,"(334) 874-9658","",32.277395849924,-87.272842743893,"unparseable_hours_freetext; missing_zip"
sPj2AbcNNhvRSSKhESZb,"The Holy Church of God (Grand Bay)",Mobile,orange,"(251) 865-2045","",30.54866029,-88.38428107,"unparseable_hours_freetext"
sUDOVwIwqt44VR64lVY7,"Boldo Community Christian Church Pantry",Walker,orange,"(713) 823-1312","",33.8551244,-87.1822886,"unparseable_hours_freetext"
sUhsmVMRio0C5HenzYUN,"Alabama Childhood Food Solutions Pantry & Backpack",Talladega,orange,"(205) 451-2358","",33.1459562,-86.2638539,"unparseable_hours_freetext"
sX4rfW4XXfkd0JNybF8b,"Little Ezekiel MB Church",Limestone,grey,"","",34.703321764505,-87.029260710549,"missing_phone; unparseable_hours_freetext"
si3NIv0i3ZwHW05sxveD,"Mount of Transfiguration",Lee,orange,"(334) 750-5958","",32.613387441635,-85.38657035058,"unparseable_hours_freetext"
sqyAV6Aun9Lmh7m1K3we,"Temporary Emergency Services",Tuscaloosa,orange,"(205) 758-5535","",33.1992355,-87.5593698,"unparseable_hours_freetext"
ssRxzFIaiUuAUZYYTvyK,"Bullock County Food Pantry",Bullock,orange,"(334) 738-2720","",32.1443,-85.7152,"unparseable_hours_freetext; missing_zip; placeholder_coords_repeated_x2; duplicate_address_x2"
szr7102Ep3ZLLI7MAWod,"Fulton Bridge Baptist Church",Marion,orange,"(205) 921-3669","https://www.feedingamerica.org/find-your-local-foodbank",34.0879798,-88.0115219,"unparseable_hours_freetext; website_is_directory_listing"
szznxMjzv1SvXorIXyWP,"Our Place Youth and Family Center",Monroe,orange,"(251) 575-7060","",31.51528279,-87.34376756,"unparseable_hours_freetext"
t4e0PXGEFEZmbZJA8GOe,"The Meal Barrel Project, Vina",Franklin,grey,"","",34.5081,-87.7286,"missing_phone; unparseable_hours_freetext"
t6UfoZb0RvXkNOCe5qPO,"Kingswood United Methodist Church",Mobile,orange,"(251) 661-0420","",30.63373498,-88.16173401,"unparseable_hours_freetext"
t83dEp7iWNjPdaNdS38g,"Grace Baptist Church",Escambia,grey,"","",31.09288801,-87.05942498,"missing_phone; unparseable_hours_freetext"
tAa8yUiNoxQ7muNLH3oA,"First Church of the Nazarene",Houston,orange,"(334) 792-6974","",31.214317774042,-85.435249760197,"unparseable_hours_freetext"
tCltp0eY3oynoOovznTj,"Tallapoosa Christian Crisis Center",Tallapoosa,orange,"(256) 329-3327","",32.909242506061,-85.909392095702,"unparseable_hours_freetext"
tEUvaVaVLP79qwo8AO4A,"Lee-Russell Council of Governments",Lee,orange,"(334) 749-5264","",32.6099,-85.4808,"unparseable_hours_freetext; placeholder_coords_repeated_x5"
tFEquqWaO4KlT0jIF0A8,"ROSS Gadsden Pantry & Soup Kitchen",Etowah,orange,"(205) 920-0790","",34.0183608,-86.0163443,"unparseable_hours_freetext"
tKbpy5sPWQNopmjNh1KK,"Greater Saint John Baptist Church Pantry",Jefferson,orange,"(205) 757-4767","",33.4646948,-86.8744041,"unparseable_hours_freetext"
tRhC6rAXNZ9HvPU3B7nf,"Hines Chapel A.M.E. Church",Houston,orange,"(334) 744-9306","",31.232294205377,-85.368299132659,"unparseable_hours_freetext"
tSUOvV5kzuq6AGexxWDX,"Mt. Olive #2 Baptist Church",Dallas,orange,"(334) 875-8259","",32.267454301104,-86.990009221994,"unparseable_hours_freetext; missing_zip"
tX1I09PtyDpNL6PE93lY,"Lord Saving Many Solutions",Montgomery,orange,"(334) 440-6071","",32.3585962,-86.3224329,"unparseable_hours_freetext"
tb7I5PvlKYAd2sRsUtLe,"Salvation Army-Center of Hope",Tuscaloosa,orange,"(205) 632-3691","",33.1847948,-87.5566741,"unparseable_hours_freetext"
tdQu0fX6dT63hR24MIke,"Jesus is Lord Ministry Pantry",Jefferson,orange,"(205) 703-8388","",33.5779848,-86.7758174,"unparseable_hours_freetext"
tkTOmlewkY9vuEK2zrGg,"Leeds Outreach Pantry",Jefferson,orange,"(205) 699-7291","",33.544922,-86.5640108,"unparseable_hours_freetext; coords_outside_county_bounds"
ttFKb8TRmRdE37T6ycbE,"Fairfield First Seventh Day Adventist Church Pantry",Jefferson,orange,"(205) 447-2254","",33.4843349,-86.9095283,"unparseable_hours_freetext"
ttIpDoQUOPoWcbrnuUpB,"Bluff Park United Methodist Church Pantry",Jefferson,orange,"(205) 842-9902","",33.4171226,-86.8481484,"unparseable_hours_freetext"
u3IInDGDxFyX0739YNoX,"The Church at Southside Soup Kitchen",Jefferson,orange,"(205) 613-3836","",33.5101483,-86.7987884,"unparseable_hours_freetext"
u46CSuIrRWwvZuyHU3cy,"Downtown Rescue Mission",Madison,grey,"","",34.7304,-86.5861,"missing_phone; unparseable_hours_freetext; placeholder_coords_repeated_x6"
u4hUpwuigXA6at6HSuFz,"Christian Mission Center",Coffee,orange,"(334) 393-2607","",31.310056292468,-85.850492671964,"unparseable_hours_freetext"
u9uOIrz6GONnClysOzTk,"Grace Church",Tuscaloosa,grey,"","",33.1823301,-87.5088612,"missing_phone; unparseable_hours_freetext"
uCa9KcR0nH6pvUwp13sv,"Victorious Living Pantry",Jefferson,orange,"(205) 919-1282","",33.5757756,-86.7106784,"unparseable_hours_freetext"
uGs9lcl4IgFT08xsVAXy,"Russellville Dream Center",Franklin,grey,"","",34.505467575544,-87.728688097793,"missing_phone; unparseable_hours_freetext"
uMIxpFkZ3znPDncWWncO,"Wadsworth Baptist Church",Autauga,orange,"(334) 569-2851","",32.6741637,-86.4496261,"unparseable_hours_freetext"
uNM2fXmK8quNktvscltI,"Faith Missionary Baptist Roebuck Pantry",Jefferson,orange,"(205) 427-2886","",33.5973845,-86.7149003,"unparseable_hours_freetext"
uP3ttqnV2A8EvMidj7HS,"Fellowship of Faith",Madison,grey,"","",34.774071112725,-86.584882688695,"missing_phone; unparseable_hours_freetext"
uQoFxjIjaRNOYoLAzzVK,"Mt. Calvary SDA",Madison,grey,"","",34.732799578906,-86.610622984072,"missing_phone; unparseable_hours_freetext"
uTpl2KMnSAwpAqmWMC50,"First Church- Athens",Limestone,grey,"","",34.808683414992,-87.001171600528,"missing_phone; unparseable_hours_freetext"
ublxNadpy2zNr7Cv9jmd,"Eastern Star Baptist Church",Marengo,orange,"(334) 289-0807","",32.50498616736,-87.826445480319,"unparseable_hours_freetext; missing_zip; placeholder_coords_repeated_x2; coords_outside_county_bounds; duplicate_address_x2"
ud8SmR8n7lCoLnVQ79LX,"Creation Science Evangelism Ministries",Conecuh,orange,"(855) 244-3644","",31.353674,-87.17787602,"unparseable_hours_freetext"
um5IpVMTcuUjqY5kOgIq,"Adventist Community Services Pantry",Jefferson,orange,"(205) 903-4273","",33.512243,-86.8342835,"unparseable_hours_freetext"
unfYWNdF33veuGIwCtjF,"Kushla Assembly of God",Mobile,orange,"(251) 263-3392","",30.81598502,-88.15899585,"unparseable_hours_freetext"
usaBHdH1eLdgXQ3RSW6e,"The Episcopal Church of St. Francis of Assisi",Shelby,orange,"(205) 601-8131","",33.357844,-86.7410389,"unparseable_hours_freetext"
uwYiSqZ9vcuu2kEvLlFn,"RCCG Jesus House",Madison,grey,"","",34.788520356292,-86.598558481862,"missing_phone; unparseable_hours_freetext"
uxQh1KaztBlmbZkFlbpM,"Auburn Wesley Foundation (Loachapoka Methodist Church)",Lee,grey,"","",32.6099,-85.4808,"missing_phone; unparseable_hours_freetext; placeholder_coords_repeated_x5"
v006FjoEbhahY1ZeqPbT,"Vestavia Hills Methodist Church Pantry",Jefferson,orange,"(205) 444-9793","",33.446599,-86.7868539,"unparseable_hours_freetext"
v1VtBeeoHK7uSwSCGOjG,"Covington Baptist Association",Covington,orange,"(334) 222-3009","",31.30900393,-86.40412672,"unparseable_hours_freetext"
v8Y438dLr4zHV2yh5gw7,"Grace Presbyterian Church-Table of Grace",Tuscaloosa,orange,"(205) 469-7811","",33.1895468,-87.5382912,"unparseable_hours_freetext"
vASK9ow1QPFJVSIkb5vz,"Christian Outreach Alliance",Dallas,orange,"(334) 872-6904","",32.4073,-87.0211,"unparseable_hours_freetext; missing_zip; placeholder_coords_repeated_x2"
vAkQQHfuHdUGKV3qtq5f,"Etowah Baptist Association Pantry",Etowah,orange,"(256) 547-1691","",34.0564571,-86.2130656,"unparseable_hours_freetext"
vBBfu925qihL4KDMN7g4,"Cornerstone Methodist Church of Gordo",Pickens,orange,"(205) 364-7489","",33.3210623,-87.9029975,"unparseable_hours_freetext"
vDpJCzTtBKx91gh8Hj2o,"Triumph Ministries, Inc.",Mobile,orange,"(251) 866-5530","",31.06624701,-88.23380497,"unparseable_hours_freetext; coords_outside_county_bounds"
vK5QXVS6Z58hfwRW4dVb,"Salvation Army- Florence",Lauderdale,grey,"","",34.807309307511,-87.654927964584,"missing_phone; unparseable_hours_freetext"
vMtnTFqsvatPKMDmH3ML,"First Baptist Church of Remlap Mobile Pantry",Blount,orange,"(205) 807-0645","",33.7941505,-86.6170219,"unparseable_hours_freetext"
vRH14fbo7zSBp3ue4EQc,"A Servant's Love",Mobile,orange,"(251) 895-6967","",30.64505101,-88.20960398,"unparseable_hours_freetext"
vTXMSzr18jhqZ99QRQWL,"Wings of Life",Mobile,orange,"(251) 432-5245","",30.69085099,-88.05415396,"unparseable_hours_freetext"
vfnv4LqQoBv2rbShhQWM,"St. Wisdom Baptist Church",Wilcox,orange,"(334) 682-5986","",31.994888214969,-87.311887099241,"unparseable_hours_freetext; missing_zip"
vgY5Wpggh2cHhaPTDhnH,"Community Market",Lee,orange,"(334) 749-8844","",32.633015262633,-85.432690517436,"unparseable_hours_freetext"
vjeggoQ5EDfUXPicOknR,"Christ Temple Outreach",Henry,orange,"(334) 787-5713","",31.558346113709,-85.192434037917,"unparseable_hours_freetext"
vjn4ySTkHSm2gqHXZ3yv,"St. Luke's Episcopal Church",Jackson,grey,"","",34.669593856804,-86.031363246503,"missing_phone; unparseable_hours_freetext"
voMBUzgYEmN9qi9vW0Fe,"Center Star Methodist Church",Lauderdale,grey,"","",34.861341720134,-87.460407252436,"missing_phone; unparseable_hours_freetext"
vsMfof5h1XeDU3hi9Zto,"First Community Church Outreach",Tuscaloosa,orange,"(205) 765-5307","",33.1968821,-87.5694974,"unparseable_hours_freetext"
vyHxTkIbN132tMNihSJR,"Mt. Hebron Missionary Baptist Church",Mobile,orange,"(251) 457-9900","",30.73510501,-88.10998397,"unparseable_hours_freetext"
vyy6p1H8FBN5qQvjoJRs,"True Light Missionary Baptist Church",Mobile,orange,"(251) 456-3155","",30.74142002,-88.09691801,"unparseable_hours_freetext"
wEXjarrMbgthZeODYMj2,"Metropolitan Community Worship Center",Madison,grey,"","",34.7304,-86.5861,"missing_phone; unparseable_hours_freetext; placeholder_coords_repeated_x6"
wFDTgPVyx9J1cEQetSz6,"Community Action Agency",Choctaw,orange,"(205) 459-3232","",32.0843,-88.2195,"unparseable_hours_freetext; missing_zip"
wO0SYqZef50qMnr9TQAB,"New Heights Community Resource Center",Tuscaloosa,orange,"(205) 759-3534","",33.194102,-87.5867139,"unparseable_hours_freetext"
wbG3AGKwenYm6b8TgcIG,"Summerville Baptist Church",Russell,orange,"(334) 298-4416","",32.495213535403,-85.013667232514,"unparseable_hours_freetext"
wbO0S2lVMmC10mIt8Fch,"Outbreak Christian Ministries",Mobile,orange,"(251) 287-7059","",30.76305899,-88.07388697,"unparseable_hours_freetext"
wlWl7lVGkHSFVxd0cOst,"Bailey Tabernacle CME Church",Tuscaloosa,orange,"(205) 799-4795","",33.2039776,-87.5638292,"unparseable_hours_freetext"
woY7ILvim4D06VS3kws5,"First Church of God in Christ",Madison,grey,"","",34.749545738529,-86.625987366583,"missing_phone; unparseable_hours_freetext"
wsXfeXbvvzv67GfqOHwV,"South Central Alabama Mental Health Board",Covington,orange,"(334) 428-5050","",31.31121337,-86.44730156,"unparseable_hours_freetext"
wspDI2ll8QBbowuMw7dS,"Saint Vincent De Paul",Tuscaloosa,orange,"(205) 561-0282","",33.2300079,-87.5939487,"unparseable_hours_freetext"
wuIlLF7b1w2H2H0dxxoW,"Blountsville United Methodist Church Pantry",Blount,orange,"(205) 429-3347","",34.0810079,-86.5902655,"unparseable_hours_freetext"
wwDyT5lwjvBOpPiuOa33,"True Glory Church of the Lord Jesus Christ",Mobile,orange,"(251) 457-0900","",30.73980399,-88.08398096,"unparseable_hours_freetext"
wzBs8nYskwK11gZruc4W,"Regency Church of Christ",Mobile,orange,"(251) 345-8050","",30.66687099,-88.16985901,"unparseable_hours_freetext"
wzbTwB81ldc00N6Nhx1p,"Beth-El Faith Church",Coffee,orange,"(334) 475-7757","",31.335342090776,-85.793191404327,"unparseable_hours_freetext"
x1QtZgEhNHxAaao8u3BS,"Love Fellowship Christian Center",Jefferson,orange,"(404) 395-0137","",33.6008206,-86.9258268,"unparseable_hours_freetext"
xAVd7wGFjfikrX4SVwSZ,"Gilbertown Food Bank",Choctaw,orange,"(251) 769-6425","",31.87696241,-88.32181992,"unparseable_hours_freetext"
xEicmr3C2Ow6KRHsQUnT,"Avondale Samaritan Place Pantry",Jefferson,orange,"(205) 903-1187","",33.5204118,-86.7748737,"unparseable_hours_freetext"
xXntx18CyykKhdNWEMSz,"TUCCA",Marengo,orange,"(334) 216-1385","",32.28862811866,-87.766117193872,"unparseable_hours_freetext; missing_zip"
xaxmXB3kjKKv9YqDp4jV,"West County Line Baptist Church",Covington,orange,"(334) 764-6466","",31.28694268,-86.19810657,"unparseable_hours_freetext"
xbytkwdsus9Fv8RpPUag,"First United Methodist Church - Slocomb",Geneva,orange,"(334) 886-2897","",31.10772435637,-85.59357939701,"unparseable_hours_freetext; coords_outside_county_bounds"
xcao6P9aEejGIoadoLXO,"Wiregass Community Worship",Coffee,orange,"(334) 500-0885","",31.30604000588,-85.850921826438,"unparseable_hours_freetext"
xt0SgRUWRzg5mGe6bg3L,"New Hope Outreach Ministries",Mobile,orange,"(251) 442-7905","",30.69058,-88.05918201,"unparseable_hours_freetext"
xxue6hq03VcVJWEeDxZF,"Bakerhill Community Outreach",Barbour,orange,"(334) 687-8372","",31.936,-85.2696,"unparseable_hours_freetext; missing_zip"
y113z7O25bbhQnOdn9j3,"Covenant United Methodist Church",Houston,orange,"(334) 793-4440","",31.231681592052,-85.445864989753,"unparseable_hours_freetext"
y3TjgGQhQDVDdHQboA1I,"Saint Mary's Client Choice Senior Grocery Program",Talladega,grey,"","",33.624168,-86.063007,"missing_phone; unparseable_hours_freetext; coords_outside_county_bounds"
y4MNLhArgdf6gIiDN7Wh,"Arab Christian Center",Marshall,grey,"","",34.353459350487,-86.438503923702,"missing_phone; unparseable_hours_freetext"
y7XjY4EfzKtw1MG6rpLs,"Mount Moriah Missionary Baptist Church",Lee,orange,"(334) 821-3750","",32.557888374966,-85.47918714359,"unparseable_hours_freetext"
yJupMdjgdmJZ5InJG04A,"Lincoln Food Pantry",Talladega,orange,"(205) 473-8097","",33.6070224,-86.1187982,"unparseable_hours_freetext; coords_outside_county_bounds"
yN1cH2rw7FHmjYKKn1aO,"United Prison Ministries International",Chilton,orange,"(562) 322-8271","",32.7993755,-86.4609922,"unparseable_hours_freetext"
yNCF8FbPo7sLqGVOUHKN,"Salvation Army Gadsden Residential & Pantry",Etowah,orange,"(256) 546-4673","",34.0186762,-86.0175563,"unparseable_hours_freetext"
yNJNY8s4rWlUIpo6MR8x,"Disabled American Veterans Pantry",Jefferson,orange,"(205) 202-4460","",33.5045668,-86.8304325,"unparseable_hours_freetext"
yO2lU57PzNX086QtrE3u,"Fultondale Baptist Church Pantry",Jefferson,orange,"(205) 910-5694","",33.607472,-86.797564,"unparseable_hours_freetext"
yOthRQ4IMMXlooZc2cTX,"Greater New Hope",Dallas,orange,"(334) 267-1569","",32.437178650971,-87.102856005508,"unparseable_hours_freetext; missing_zip"
yaiC81I27BuHhGRUu94C,"Dale Co. Rescue Mission",Dale,orange,"(334) 774-6553","",31.471432551498,-85.678257098263,"unparseable_hours_freetext"
ydA7YLK30Ussj1XxcIGZ,"Family Care Center Pantry",Cherokee,orange,"(256) 557-2891","",34.1563895,-85.6957216,"unparseable_hours_freetext"
yxIrkUhkqX0JBHFsMz3A,"Mary Hill Family Services Center",Dale,orange,"(334) 350-3668","",31.453515042043,-85.633679730918,"unparseable_hours_freetext"
z1iMBhMBL0mhxm8wlEPF,"Full Gospel Tabernacle",Limestone,grey,"","",34.813902310101,-87.089152079476,"missing_phone; unparseable_hours_freetext"
zAZNnDn1drSJMafNPRmt,"Alabama Teen Challenge",Dallas,orange,"(334) 872-0133","",32.502941531944,-86.923923826939,"unparseable_hours_freetext; missing_zip"
zD7TRUUIaig2iyRlAT77,"The Lift Worldwide Corp",Mobile,orange,"(601) 508-8853","",31.11411501,-88.23512,"unparseable_hours_freetext; coords_outside_county_bounds"
zJ7OGqzOnSkQWngW6h0l,"Children & Family Connection",Russell,orange,"(334) 448-1010","",32.461,-85.0008,"unparseable_hours_freetext"
zLFuFbsAQl88CkIaCrXB,"Victory World Outreach",Madison,grey,"","",34.784345708983,-86.58090821221,"missing_phone; unparseable_hours_freetext"
zLwNmo3VlZf3GM2tc4t4,"Pentecostals of Dadeville",Tallapoosa,orange,"(256) 596-3411","",32.8566519,-85.776556,"unparseable_hours_freetext"
zNtryD0GmvxpHrWXTjiC,"Manna Ministries Pantry",Shelby,orange,"(253) 886-7797","",33.2011964,-86.8215809,"unparseable_hours_freetext"
zOsObZq8Et7yIURrQUtY,"Camp Yahweh",Monroe,orange,"(251) 593-0054","",31.52149202,-87.31840299,"unparseable_hours_freetext"
zVRRDX2nxnUpFH4ZAqZ1,"The Ministry Center at Green Springs Pantry",Jefferson,orange,"(205) 979-8633","",33.4813189,-86.8244099,"unparseable_hours_freetext"
zW7xtz0bVVOoJVKPiFce,"Northbrook Baptist Church (The Caring Center)",Cullman,grey,"","",34.1748,-86.8434,"missing_phone; unparseable_hours_freetext; placeholder_coords_repeated_x3"
zaIZhR4bDh17Me0LLCdO,"Mt. Zion Assembly of God",Dale,orange,"(334) 983-3963","",31.308241881413,-85.449932902102,"unparseable_hours_freetext"
zl4AuJslFpkEcvUM5wLI,"Twenty-Third Street Missionary Baptist Church Pantry",Jefferson,orange,"(205) 914-2692","",33.5114092,-86.79767,"unparseable_hours_freetext"
zxAclBhj1I7fG1h6PqzD,"Harvest SDA",Madison,grey,"","",34.823427403646,-86.77161101742,"missing_phone; unparseable_hours_freetext"